dt,accumulated_time,flow_x,flow_y,tof_strength,x,y,roll,pitch,yaw,altitude,tof_h,baro_h
0.02,0.02,0,1,100,0.0,0.0,-0.008726646259971648,-0.05585053606381854,0.0,0.08785944170230256,0.08785944170230256,0.13899999670684338
0.02,0.02,0,1,100,0.0,0.0,-0.008726646259971648,-0.05585053606381854,0.0,0.08586263620906841,0.08586263620906841,0.13899999670684338
0.02,0.02,0,1,100,0.0,0.0,-0.008726646259971648,-0.05585053606381854,0.0,0.08686103895568548,0.08686103895568548,0.13899999670684338
0.02,0.02,0,1,100,0.0,0.0,-0.008726646259971648,-0.05585053606381854,0.0,0.08686103895568548,0.08686103895568548,0.13899999670684338
0.02,0.02,0,1,100,0.0,0.0,-0.008726646259971648,-0.05585053606381854,0.0,0.08686103895568548,0.08686103895568548,0.13899999670684338
0.02,0.02,0,0,100,0.0,0.0,-0.008726646259971648,-0.05585053606381854,0.0,0.08686103895568548,0.08686103895568548,0.13899999670684338
0.02,0.02,0,0,100,0.0,0.0,-0.008726646259971648,-0.05585053606381854,0.0,0.08686103895568548,0.08686103895568548,0.13899999670684338
0.02,0.02,0,0,100,0.0,0.0,-0.008726646259971648,-0.05585053606381854,0.0,0.08586263620906841,0.08586263620906841,0.13899999670684338
0.02,0.02,0,0,100,0.0,0.0,-0.008726646259971648,-0.05585053606381854,0.0,0.08586263620906841,0.08586263620906841,0.13899999670684338
0.02,0.02,1,0,100,0.0,0.0,-0.008726646259971648,-0.05585053606381854,0.0,0.08586263620906841,0.08586263620906841,0.13899999670684338
0.02,0.02,1,0,100,0.0,0.0,-0.008726646259971648,-0.05585053606381854,0.0,0.08686103895568548,0.08686103895568548,0.13899999670684338
0.02,0.02,1,1,100,0.0,0.0,-0.00698131700797732,-0.05585053606381854,-2.220446049250313e-16,0.08786064609386704,0.08786064609386704,0.13899999670684338
0.02,0.02,1,1,100,0.0,0.0,-0.00698131700797732,-0.05585053606381854,-2.220446049250313e-16,0.08686222966098218,0.08686222966098218,0.13899999670684338
0.02,0.02,1,1,100,0.0,0.0,-0.00698131700797732,-0.05585053606381854,-2.220446049250313e-16,0.08586381322809734,0.08586381322809734,0.13899999670684338
0.02,0.02,0,1,100,0.0,0.0,-0.00698131700797732,-0.05585053606381854,-2.220446049250313e-16,0.08786064609386704,0.08786064609386704,0.13899999670684338
0.02,0.02,-1,0,100,0.0,0.0,-0.00698131700797732,-0.05585053606381854,-2.220446049250313e-16,0.08686222966098218,0.08686222966098218,0.13899999670684338
0.02,0.02,-1,0,100,0.0,0.0,-0.00698131700797732,-0.05585053606381854,-2.220446049250313e-16,0.08586381322809734,0.08586381322809734,0.13899999670684338
0.02,0.02,-3,3,100,0.0,0.0,-0.00698131700797732,-0.05585053606381854,-2.220446049250313e-16,0.08786064609386704,0.08786064609386704,0.13899999670684338
0.02,0.02,-1,0,100,0.0,0.0,-0.008726646259971648,-0.05585053606381854,0.0,0.08686103895568548,0.08686103895568548,0.13899999670684338
0.02,0.02,-1,0,100,0.0,0.0,-0.008726646259971648,-0.05585053606381854,0.0,0.08586263620906841,0.08586263620906841,0.13899999670684338
0.02,0.02,0,0,100,0.0,0.0,-0.008726646259971648,-0.05585053606381854,0.0,0.08785944170230256,0.08785944170230256,0.13899999670684338
0.02,0.02,0,0,100,0.0,0.0,-0.008726646259971648,-0.05585053606381854,0.0,0.08785944170230256,0.08785944170230256,0.13899999670684338
0.02,0.02,1,1,100,0.0,0.0,-0.008726646259971648,-0.05585053606381854,0.0,0.08686103895568548,0.08686103895568548,0.13899999670684338
0.02,0.02,-3,-1,100,0.0,0.0,-0.008726646259971648,-0.05585053606381854,0.0,0.08586263620906841,0.08586263620906841,0.13899999670684338
0.02,0.02,0,0,100,0.0,0.0,-0.008726646259971648,-0.05585053606381854,0.0,0.08686103895568548,0.08686103895568548,0.13899999670684338
0.02,0.02,0,0,100,0.0,0.0,-0.008726646259971648,-0.05585053606381854,0.0,0.08686103895568548,0.08686103895568548,0.13899999670684338
0.02,0.02,0,0,100,0.0,0.0,-0.008726646259971648,-0.05585053606381854,0.0,0.08586263620906841,0.08586263620906841,0.13899999670684338
0.02,0.02,0,0,100,0.0,0.0,-0.008726646259971648,-0.05585053606381854,0.0,0.08686103895568548,0.08686103895568548,0.13899999670684338
0.02,0.02,-3,-1,100,0.0,0.0,-0.008726646259971648,-0.05585053606381854,0.0,0.08586263620906841,0.08586263620906841,0.13899999670684338
0.02,0.02,-3,-1,100,0.0,0.0,-0.008726646259971648,-0.05585053606381854,0.0,0.08586263620906841,0.08586263620906841,0.13899999670684338
0.02,0.02,-3,-1,100,0.0,0.0,-0.008726646259971648,-0.05585053606381854,0.0,0.08686103895568548,0.08686103895568548,0.11699999682605267
0.02,0.02,0,0,100,0.0,0.0,-0.008726646259971648,-0.05585053606381854,0.0,0.08686103895568548,0.08686103895568548,0.11699999682605267
0.02,0.02,0,-1,100,0.0,0.0,-0.008726646259971648,-0.05585053606381854,0.0,0.08686103895568548,0.08686103895568548,0.11699999682605267
0.02,0.02,0,-1,100,0.0,0.0,-0.008726646259971648,-0.05585053606381854,0.0,0.08686103895568548,0.08686103895568548,0.11699999682605267
0.02,0.02,0,-1,100,0.0,0.0,-0.008726646259971648,-0.05585053606381854,0.0,0.08686103895568548,0.08686103895568548,0.11699999682605267
0.02,0.02,0,-1,100,0.0,0.0,-0.008726646259971648,-0.05585053606381854,0.0,0.08686103895568548,0.08686103895568548,0.11699999682605267
0.02,0.02,-1,0,100,0.0,0.0,-0.008726646259971648,-0.05585053606381854,0.0,0.08686103895568548,0.08686103895568548,0.11699999682605267
0.02,0.02,0,-1,100,0.0,0.0,-0.008726646259971648,-0.05585053606381854,0.0,0.08686103895568548,0.08686103895568548,0.11699999682605267
0.02,0.02,1,0,100,0.0,0.0,-0.008726646259971648,-0.05585053606381854,0.0,0.08686103895568548,0.08686103895568548,0.11699999682605267
0.02,0.02,1,0,100,0.0,0.0,-0.008726646259971648,-0.05585053606381854,0.0,0.08686103895568548,0.08686103895568548,0.11699999682605267
0.02,0.02,2,0,100,0.0,0.0,-0.008726646259971648,-0.05585053606381854,0.0,0.08686103895568548,0.08686103895568548,0.11699999682605267
0.02,0.02,1,0,100,0.0,0.0,-0.008726646259971648,-0.05585053606381854,0.0,0.08686103895568548,0.08686103895568548,0.13899999670684338
0.02,0.02,0,0,100,0.0,0.0,-0.008726646259971648,-0.05585053606381854,0.0,0.08686103895568548,0.08686103895568548,0.13899999670684338
0.02,0.02,-1,1,100,0.0,0.0,-0.008726646259971648,-0.05585053606381854,0.0,0.08785944170230256,0.08785944170230256,0.13899999670684338
0.02,0.02,-1,1,100,0.0,0.0,-0.008726646259971648,-0.05585053606381854,0.0,0.08686103895568548,0.08686103895568548,0.13899999670684338
0.02,0.02,1,-1,100,0.0,0.0,-0.008726646259971648,-0.05585053606381854,0.0,0.08586263620906841,0.08586263620906841,0.13899999670684338
0.02,0.02,1,-1,100,0.0,0.0,-0.008726646259971648,-0.05585053606381854,0.0,0.08586263620906841,0.08586263620906841,0.13899999670684338
0.02,0.02,1,0,100,0.0,0.0,-0.008726646259971648,-0.05585053606381854,0.0,0.08686103895568548,0.08686103895568548,0.13899999670684338
0.02,0.02,1,0,100,0.0,0.0,-0.008726646259971648,-0.05585053606381854,0.0,0.08686103895568548,0.08686103895568548,0.13899999670684338
0.02,0.02,1,0,100,0.0,0.0,-0.008726646259971648,-0.05585053606381854,0.0,0.08686103895568548,0.08686103895568548,0.13899999670684338
0.02,0.02,1,2,100,0.0,0.0,-0.008726646259971648,-0.05585053606381854,0.0,0.08686103895568548,0.08686103895568548,0.13899999670684338
0.02,0.02,0,2,100,0.0,0.0,-0.008726646259971648,-0.05585053606381854,0.0,0.08686103895568548,0.08686103895568548,0.13899999670684338
0.02,0.02,0,0,100,0.0,0.0,-0.008726646259971648,-0.05585053606381854,0.0,0.08686103895568548,0.08686103895568548,0.13899999670684338
0.02,0.02,1,0,100,0.0,0.0,-0.008726646259971648,-0.05585053606381854,0.0,0.08586263620906841,0.08586263620906841,0.13899999670684338
0.02,0.02,-1,0,100,0.0,0.0,-0.008726646259971648,-0.05585053606381854,0.0,0.08586263620906841,0.08586263620906841,0.13899999670684338
0.02,0.02,0,0,100,0.0,0.0,-0.008726646259971648,-0.05585053606381854,0.0,0.08686103895568548,0.08686103895568548,0.13899999670684338
0.02,0.02,0,0,100,0.0,0.0,-0.008726646259971648,-0.05585053606381854,0.0,0.08586263620906841,0.08586263620906841,0.13899999670684338
0.02,0.02,1,0,100,0.0,0.0,-0.008726646259971648,-0.05585053606381854,0.0,0.08586263620906841,0.08586263620906841,0.13899999670684338
0.02,0.02,2,1,100,0.0,0.0,-0.008726646259971648,-0.05585053606381854,0.0,0.08785944170230256,0.08785944170230256,0.11900000274181366
0.02,0.02,2,1,100,0.0,0.0,-0.008726646259971648,-0.05585053606381854,0.0,0.08686103895568548,0.08686103895568548,0.11900000274181366
0.02,0.02,1,1,100,0.0,0.0,-0.008726646259971648,-0.05585053606381854,0.0,0.08686103895568548,0.08686103895568548,0.11900000274181366
0.02,0.02,1,1,100,0.0,0.0,-0.008726646259971648,-0.05585053606381854,0.0,0.08686103895568548,0.08686103895568548,0.11900000274181366
0.02,0.02,0,0,100,0.0,0.0,-0.008726646259971648,-0.05585053606381854,0.0,0.08686103895568548,0.08686103895568548,0.11900000274181366
0.02,0.02,2,0,100,0.0,0.0,-0.008726646259971648,-0.05585053606381854,0.0,0.08686103895568548,0.08686103895568548,0.11900000274181366
0.02,0.02,0,0,100,0.0,0.0,-0.008726646259971648,-0.05585053606381854,0.0,0.08686103895568548,0.08686103895568548,0.11900000274181366
0.02,0.02,0,0,100,0.0,0.0,-0.008726646259971648,-0.05585053606381854,0.0,0.08686103895568548,0.08686103895568548,0.11900000274181366
0.02,0.02,2,0,100,0.0,0.0,-0.008726646259971648,-0.05585053606381854,0.0,0.08686103895568548,0.08686103895568548,0.11900000274181366
0.02,0.02,0,1,100,0.0,0.0,-0.008726646259971648,-0.05585053606381854,0.0,0.08686103895568548,0.08686103895568548,0.11900000274181366
0.02,0.02,1,1,100,0.0,0.0,-0.008726646259971648,-0.05585053606381854,0.0,0.08686103895568548,0.08686103895568548,0.11699999682605267
0.02,0.02,0,0,100,0.0,0.0,-0.008726646259971648,-0.05585053606381854,0.0,0.08686103895568548,0.08686103895568548,0.11699999682605267
0.02,0.02,2,0,100,0.0,0.0,-0.008726646259971648,-0.05585053606381854,0.0,0.0898562471955367,0.0898562471955367,0.11699999682605267
0.02,0.02,2,0,100,0.0,0.0,-0.008726646259971648,-0.05585053606381854,0.0,0.08686103895568548,0.08686103895568548,0.11699999682605267
0.02,0.02,2,0,100,0.0,0.0,-0.008726646259971648,-0.05585053606381854,0.0,0.08686103895568548,0.08686103895568548,0.11699999682605267
0.02,0.02,0,1,100,0.0,0.0,-0.008726646259971648,-0.05585053606381854,0.0,0.08686103895568548,0.08686103895568548,0.11699999682605267
0.02,0.02,-1,0,100,0.0,0.0,-0.008726646259971648,-0.05585053606381854,0.0,0.08686103895568548,0.08686103895568548,0.11699999682605267
0.02,0.02,1,0,100,0.0,0.0,-0.008726646259971648,-0.05585053606381854,0.0,0.08586263620906841,0.08586263620906841,0.11699999682605267
0.02,0.02,1,0,100,0.0,0.0,-0.008726646259971648,-0.05585053606381854,0.0,0.08686103895568548,0.08686103895568548,0.11699999682605267
0.02,0.02,1,0,100,0.0,0.0,-0.008726646259971648,-0.05585053606381854,0.0,0.08785944170230256,0.08785944170230256,0.11699999682605267
0.02,0.02,-1,0,100,0.0,0.0,-0.008726646259971648,-0.05585053606381854,0.0,0.08785944170230256,0.08785944170230256,0.11699999682605267
0.02,0.02,-1,0,100,0.0,0.0,-0.008726646259971648,-0.05585053606381854,0.0,0.08686103895568548,0.08686103895568548,0.11699999682605267
0.02,0.02,0,-3,100,0.0,0.0,-0.008726646259971648,-0.05585053606381854,0.0,0.08785944170230256,0.08785944170230256,0.11699999682605267
0.02,0.02,0,-1,100,0.0,0.0,-0.008726646259971648,-0.05585053606381854,0.0,0.08686103895568548,0.08686103895568548,0.11699999682605267
0.02,0.02,0,0,100,0.0,0.0,-0.008726646259971648,-0.05585053606381854,0.0,0.08686103895568548,0.08686103895568548,0.11699999682605267
0.02,0.02,0,0,100,0.0,0.0,-0.008726646259971648,-0.05585053606381854,0.0,0.08686103895568548,0.08686103895568548,0.11699999682605267
0.02,0.02,0,0,100,0.0,0.0,-0.008726646259971648,-0.05585053606381854,0.0,0.08686103895568548,0.08686103895568548,0.11699999682605267
0.02,0.02,0,-1,100,0.0,0.0,-0.008726646259971648,-0.05585053606381854,0.0,0.08686103895568548,0.08686103895568548,0.11699999682605267
0.02,0.02,0,-1,100,0.0,0.0,-0.008726646259971648,-0.05585053606381854,0.0,0.08785944170230256,0.08785944170230256,0.11699999682605267
0.02,0.02,0,0,100,0.0,0.0,-0.008726646259971648,-0.05585053606381854,0.0,0.08586263620906841,0.08586263620906841,0.11699999682605267
0.02,0.02,0,0,100,0.0,0.0,-0.008726646259971648,-0.05585053606381854,0.0,0.08686103895568548,0.08686103895568548,0.11699999682605267
0.02,0.02,0,0,100,0.0,0.0,-0.008726646259971648,-0.05585053606381854,0.0,0.08785944170230256,0.08785944170230256,0.11699999682605267
0.02,0.02,-1,0,100,0.0,0.0,-0.008726646259971648,-0.05585053606381854,0.0,0.08686103895568548,0.08686103895568548,0.11699999682605267
0.02,0.02,-1,0,100,0.0,0.0,-0.008726646259971648,-0.05585053606381854,0.0,0.08686103895568548,0.08686103895568548,0.11699999682605267
0.02,0.02,0,-3,100,0.0,0.0,-0.008726646259971648,-0.05585053606381854,0.0,0.08686103895568548,0.08686103895568548,0.11699999682605267
0.02,0.02,0,-3,100,0.0,0.0,-0.008726646259971648,-0.05585053606381854,0.0,0.08686103895568548,0.08686103895568548,0.11699999682605267
0.02,0.02,0,-3,100,0.0,0.0,-0.008726646259971648,-0.05585053606381854,0.0,0.08686103895568548,0.08686103895568548,0.11699999682605267
0.02,0.02,0,0,100,0.0,0.0,-0.008726646259971648,-0.05585053606381854,0.0,0.08686103895568548,0.08686103895568548,0.11699999682605267
0.02,0.02,0,0,100,0.0,0.0,-0.008726646259971648,-0.05585053606381854,0.0,0.08686103895568548,0.08686103895568548,0.11699999682605267
0.02,0.02,1,-3,100,0.0,0.0,-0.008726646259971648,-0.05585053606381854,0.0,0.08686103895568548,0.08686103895568548,0.11699999682605267
0.02,0.02,1,-3,100,0.0,0.0,-0.008726646259971648,-0.05585053606381854,0.0,0.08686103895568548,0.08686103895568548,0.11699999682605267
0.02,0.02,1,-3,100,0.0,0.0,-0.008726646259971648,-0.05585053606381854,0.0,0.08686103895568548,0.08686103895568548,0.11699999682605267
0.02,0.02,1,-3,100,0.0,0.0,-0.008726646259971648,-0.05585053606381854,0.0,0.08686103895568548,0.08686103895568548,0.11699999682605267
0.02,0.02,0,-1,100,0.0,0.0,-0.008726646259971648,-0.05585053606381854,0.0,0.08686103895568548,0.08686103895568548,0.11699999682605267
0.02,0.02,-1,0,100,0.0,0.0,-0.008726646259971648,-0.05585053606381854,0.0,0.08686103895568548,0.08686103895568548,0.11699999682605267
0.02,0.02,0,-1,100,0.0,0.0,-0.008726646259971648,-0.05585053606381854,0.0,0.08686103895568548,0.08686103895568548,0.11699999682605267
0.02,0.02,2,0,100,0.0,0.0,-0.008726646259971648,-0.05585053606381854,0.0,0.08686103895568548,0.08686103895568548,0.11699999682605267
0.02,0.02,0,-1,100,0.0,0.0,-0.008726646259971648,-0.05585053606381854,0.0,0.08686103895568548,0.08686103895568548,0.11699999682605267
0.02,0.02,-1,0,100,0.0,0.0,-0.008726646259971648,-0.05585053606381854,0.0,0.08686103895568548,0.08686103895568548,0.11699999682605267
0.02,0.02,-1,0,100,0.0,0.0,-0.008726646259971648,-0.05585053606381854,0.0,0.08686103895568548,0.08686103895568548,0.11699999682605267
0.02,0.02,0,0,100,0.0,0.0,-0.008726646259971648,-0.05585053606381854,0.0,0.08686103895568548,0.08686103895568548,0.11699999682605267
0.02,0.02,0,0,100,0.0,0.0,-0.008726646259971648,-0.05585053606381854,0.0,0.08586263620906841,0.08586263620906841,0.11699999682605267
0.02,0.02,1,0,100,0.0,0.0,-0.008726646259971648,-0.05585053606381854,0.0,0.08686103895568548,0.08686103895568548,0.11699999682605267
0.02,0.02,1,0,100,0.0,0.0,-0.008726646259971648,-0.05585053606381854,0.0,0.08686103895568548,0.08686103895568548,0.11699999682605267
0.02,0.02,1,0,100,0.0,0.0,-0.008726646259971648,-0.05585053606381854,0.0,0.08686103895568548,0.08686103895568548,0.11699999682605267
0.02,0.02,4,1,100,0.0,0.0,-0.008726646259971648,-0.05585053606381854,0.0,0.08686103895568548,0.08686103895568548,0.11699999682605267
0.02,0.02,4,1,100,0.0,0.0,-0.008726646259971648,-0.05585053606381854,0.0,0.08686103895568548,0.08686103895568548,0.11699999682605267
0.02,0.02,4,1,100,0.0,0.0,-0.008726646259971648,-0.05585053606381854,0.0,0.08785944170230256,0.08785944170230256,0.11699999682605267
0.02,0.02,4,1,100,0.0,0.0,-0.008726646259971648,-0.05585053606381854,0.0,0.08785944170230256,0.08785944170230256,0.11699999682605267
0.02,0.02,0,0,100,0.0,0.0,-0.008726646259971648,-0.05585053606381854,0.0,0.08686103895568548,0.08686103895568548,0.11699999682605267
0.02,0.02,0,0,100,0.0,0.0,-0.008726646259971648,-0.05585053606381854,0.0,0.08686103895568548,0.08686103895568548,0.11699999682605267
0.02,0.02,0,0,100,0.0,0.0,-0.008726646259971648,-0.05585053606381854,0.0,0.08686103895568548,0.08686103895568548,0.11699999682605267
0.02,0.02,0,0,100,0.0,0.0,-0.008726646259971648,-0.05585053606381854,0.0,0.08686103895568548,0.08686103895568548,0.11699999682605267
0.02,0.02,0,-1,100,0.0,0.0,-0.008726646259971648,-0.05585053606381854,0.0,0.08586263620906841,0.08586263620906841,0.11699999682605267
0.02,0.02,-1,0,100,0.0,0.0,-0.008726646259971648,-0.05585053606381854,0.0,0.08785944170230256,0.08785944170230256,0.11699999682605267
0.02,0.02,3,0,100,0.0,0.0,-0.008726646259971648,-0.05585053606381854,0.0,0.08686103895568548,0.08686103895568548,0.11699999682605267
0.02,0.02,1,0,100,0.0,0.0,-0.008726646259971648,-0.05585053606381854,0.0,0.08686103895568548,0.08686103895568548,0.11699999682605267
0.02,0.02,1,-1,100,0.0,0.0,-0.008726646259971648,-0.05585053606381854,0.0,0.08686103895568548,0.08686103895568548,0.11699999682605267
0.02,0.02,1,-1,100,0.0,0.0,-0.008726646259971648,-0.05585053606381854,0.0,0.08586263620906841,0.08586263620906841,0.11699999682605267
0.02,0.02,1,-1,100,0.0,0.0,-0.008726646259971648,-0.05585053606381854,0.0,0.08586263620906841,0.08586263620906841,0.11699999682605267
0.02,0.02,0,0,100,0.0,0.0,-0.008726646259971648,-0.05585053606381854,0.0,0.08586263620906841,0.08586263620906841,0.11699999682605267
0.02,0.02,0,0,100,0.0,0.0,-0.008726646259971648,-0.05585053606381854,0.0,0.08686103895568548,0.08686103895568548,0.11699999682605267
0.02,0.02,2,0,100,0.0,0.0,-0.008726646259971648,-0.05585053606381854,0.0,0.08785944170230256,0.08785944170230256,0.11699999682605267
0.02,0.02,0,0,100,0.0,0.0,-0.008726646259971648,-0.05585053606381854,0.0,0.08686103895568548,0.08686103895568548,0.11699999682605267
0.02,0.02,1,0,100,0.0,0.0,-0.008726646259971648,-0.05585053606381854,0.0,0.08686103895568548,0.08686103895568548,0.11699999682605267
0.02,0.02,1,0,100,0.0,0.0,-0.008726646259971648,-0.05585053606381854,0.0,0.08686103895568548,0.08686103895568548,0.11699999682605267
0.02,0.02,1,0,100,0.0,0.0,-0.008726646259971648,-0.05585053606381854,0.0,0.08785944170230256,0.08785944170230256,0.11699999682605267
0.02,0.02,1,0,100,0.0,0.0,-0.008726646259971648,-0.05585053606381854,0.0,0.08785944170230256,0.08785944170230256,0.11699999682605267
0.02,0.02,1,0,100,0.0,0.0,-0.008726646259971648,-0.05585053606381854,0.0,0.08586263620906841,0.08586263620906841,0.11699999682605267
0.02,0.02,0,0,100,0.0,0.0,-0.008726646259971648,-0.05585053606381854,0.0,0.08686103895568548,0.08686103895568548,0.11699999682605267
0.02,0.02,0,0,100,0.0,0.0,-0.008726646259971648,-0.05585053606381854,0.0,0.08586263620906841,0.08586263620906841,0.11699999682605267
0.02,0.02,0,0,100,0.0,0.0,-0.008726646259971648,-0.05585053606381854,0.0,0.08586263620906841,0.08586263620906841,0.11699999682605267
0.02,0.02,0,0,100,0.0,0.0,-0.008726646259971648,-0.05585053606381854,0.0,0.08586263620906841,0.08586263620906841,0.11699999682605267
0.02,0.02,-1,1,100,0.0,0.0,-0.008726646259971648,-0.05585053606381854,0.0,0.08686103895568548,0.08686103895568548,0.11699999682605267
0.02,0.02,-1,1,100,0.0,0.0,-0.008726646259971648,-0.05585053606381854,0.0,0.08686103895568548,0.08686103895568548,0.11699999682605267
0.02,0.02,0,0,100,0.0,0.0,-0.008726646259971648,-0.05585053606381854,0.0,0.08686103895568548,0.08686103895568548,0.11699999682605267
0.02,0.02,0,0,100,0.0,0.0,-0.008726646259971648,-0.05585053606381854,0.0,0.08686103895568548,0.08686103895568548,0.11699999682605267
0.02,0.02,-1,0,100,0.0,0.0,-0.008726646259971648,-0.05585053606381854,0.0,0.08686103895568548,0.08686103895568548,0.11699999682605267
0.02,0.02,4,0,100,0.0,0.0,-0.008726646259971648,-0.05585053606381854,0.0,0.08586263620906841,0.08586263620906841,0.11699999682605267
0.02,0.02,4,0,100,0.0,0.0,-0.008726646259971648,-0.05585053606381854,0.0,0.08686103895568548,0.08686103895568548,0.11699999682605267
0.02,0.02,0,-1,100,0.0,0.0,-0.008726646259971648,-0.05585053606381854,0.0,0.08686103895568548,0.08686103895568548,0.11699999682605267
0.02,0.02,0,0,100,0.0,0.0,-0.008726646259971648,-0.05585053606381854,0.0,0.08686103895568548,0.08686103895568548,0.11699999682605267
0.02,0.02,2,0,100,0.0,0.0,-0.008726646259971648,-0.05585053606381854,0.0,0.08686103895568548,0.08686103895568548,0.11699999682605267
0.02,0.02,1,0,100,0.0,0.0,-0.008726646259971648,-0.05585053606381854,0.0,0.08586263620906841,0.08586263620906841,0.11699999682605267
0.02,0.02,-1,0,100,0.0,0.0,-0.008726646259971648,-0.05585053606381854,0.0,0.08586263620906841,0.08586263620906841,0.13799999840557575
0.02,0.02,2,1,100,0.0,0.0,-0.008726646259971648,-0.05585053606381854,0.0,0.08686103895568548,0.08686103895568548,0.13799999840557575
0.02,0.02,2,1,100,0.0,0.0,-0.008726646259971648,-0.05585053606381854,0.0,0.08686103895568548,0.08686103895568548,0.13799999840557575
0.02,0.02,1,0,100,0.0,0.0,-0.008726646259971648,-0.05585053606381854,0.0,0.08686103895568548,0.08686103895568548,0.13799999840557575
0.02,0.02,1,1,100,0.0,0.0,-0.008726646259971648,-0.05585053606381854,0.0,0.08785944170230256,0.08785944170230256,0.13799999840557575
0.02,0.02,0,0,100,0.0,0.0,-0.008726646259971648,-0.05585053606381854,0.0,0.08686103895568548,0.08686103895568548,0.13799999840557575
0.02,0.02,0,1,100,0.0,0.0,-0.008726646259971648,-0.05585053606381854,0.0,0.08686103895568548,0.08686103895568548,0.13799999840557575
0.02,0.02,0,1,100,0.0,0.0,-0.008726646259971648,-0.05585053606381854,0.0,0.08586263620906841,0.08586263620906841,0.13799999840557575
0.02,0.02,-1,0,100,0.0,0.0,-0.008726646259971648,-0.05585053606381854,0.0,0.08686103895568548,0.08686103895568548,0.13799999840557575
0.02,0.02,1,-1,100,0.0,0.0,-0.008726646259971648,-0.05585053606381854,0.0,0.08686103895568548,0.08686103895568548,0.13799999840557575
0.02,0.02,2,0,100,0.0,0.0,-0.008726646259971648,-0.05585053606381854,0.0,0.08686103895568548,0.08686103895568548,0.13799999840557575
0.02,0.02,2,0,100,0.0,0.0,-0.008726646259971648,-0.05585053606381854,0.0,0.08586263620906841,0.08586263620906841,0.13799999840557575
0.02,0.02,1,0,100,0.0,0.0,-0.008726646259971648,-0.05585053606381854,0.0,0.08686103895568548,0.08686103895568548,0.13899999670684338
0.02,0.02,0,-1,100,0.0,0.0,-0.008726646259971648,-0.05585053606381854,0.0,0.08686103895568548,0.08686103895568548,0.13899999670684338
0.02,0.02,0,-1,100,0.0,0.0,-0.008726646259971648,-0.05585053606381854,0.0,0.08586263620906841,0.08586263620906841,0.13899999670684338
0.02,0.02,2,1,100,0.0,0.0,-0.008726646259971648,-0.05585053606381854,0.0,0.08686103895568548,0.08686103895568548,0.13899999670684338
0.02,0.02,1,0,100,0.0,0.0,-0.008726646259971648,-0.05585053606381854,0.0,0.08686103895568548,0.08686103895568548,0.13899999670684338
0.02,0.02,1,0,100,0.0,0.0,-0.008726646259971648,-0.05585053606381854,0.0,0.08785944170230256,0.08785944170230256,0.13899999670684338
0.02,0.02,1,0,100,0.0,0.0,-0.008726646259971648,-0.05585053606381854,0.0,0.08686103895568548,0.08686103895568548,0.13899999670684338
0.02,0.02,3,0,100,0.0,0.0,-0.008726646259971648,-0.05585053606381854,0.0,0.08686103895568548,0.08686103895568548,0.13899999670684338
0.02,0.02,3,0,100,0.0,0.0,-0.008726646259971648,-0.05585053606381854,0.0,0.08686103895568548,0.08686103895568548,0.13899999670684338
0.02,0.02,3,0,100,0.0,0.0,-0.008726646259971648,-0.05585053606381854,0.0,0.08686103895568548,0.08686103895568548,0.13899999670684338
0.02,0.02,2,0,100,0.0,0.0,-0.008726646259971648,-0.05585053606381854,0.0,0.08686103895568548,0.08686103895568548,0.13899999670684338
0.02,0.02,0,-1,100,0.0,0.0,-0.008726646259971648,-0.05585053606381854,0.0,0.08686103895568548,0.08686103895568548,0.13899999670684338
0.02,0.02,-3,0,100,0.0,0.0,-0.008726646259971648,-0.05585053606381854,0.0,0.08586263620906841,0.08586263620906841,0.13899999670684338
0.02,0.02,17,-3,100,0.0,0.0,-0.008726646259971648,-0.05585053606381854,0.0,0.08686103895568548,0.08686103895568548,0.13899999670684338
0.02,0.02,9,2,100,0.0,0.0,-0.008726646259971648,-0.05585053606381854,0.0,0.08686103895568548,0.08686103895568548,0.13899999670684338
0.02,0.02,14,11,100,0.0,0.0,-0.008726646259971648,-0.05585053606381854,0.0,0.08686103895568548,0.08686103895568548,0.13899999670684338
0.02,0.02,-12,7,100,0.0,0.0,-0.008726646259971648,-0.05585053606381854,0.0,0.08785944170230256,0.08785944170230256,0.13899999670684338
0.02,0.02,-5,20,100,0.0,0.0,-0.00872664625997165,-0.05061454830783555,0.017453292519943098,0.08488791296596152,0.08488791296596152,0.1360000018030405
0.02,0.02,21,29,100,0.0,0.0,-0.00872664625997165,-0.05061454830783555,0.017453292519943098,0.08488791296596152,0.08488791296596152,0.1360000018030405
0.02,0.02,23,60,100,0.0,0.0,-0.00872664625997165,-0.05061454830783555,0.017453292519943098,0.0838892316369502,0.0838892316369502,0.1360000018030405
0.02,0.02,4,71,100,0.0,0.0,-0.00872664625997165,-0.05061454830783555,0.017453292519943098,0.08588659429497282,0.08588659429497282,0.1360000018030405
0.02,0.02,19,87,100,0.0,0.0,-0.00872664625997165,-0.05061454830783555,0.017453292519943098,0.08488791296596152,0.08488791296596152,0.1360000018030405
0.02,0.02,19,116,100,-0.0002490711234554212,0.0,-0.00872664625997165,-0.05061454830783555,0.017453292519943098,0.08588659429497282,0.08588659429497282,0.1360000018030405
0.02,0.02,13,116,100,-0.0006936341170648067,0.0,-0.00872664625997165,-0.05061454830783555,0.017453292519943098,0.08888263828200675,0.08888263828200675,0.1360000018030405
0.02,0.02,14,107,100,-0.0012648174196762138,0.0,-0.00872664625997165,-0.05061454830783555,0.017453292519943098,0.08888263828200675,0.08888263828200675,0.1360000018030405
0.02,0.02,18,112,100,-0.001950465206988083,0.0,-0.00872664625997165,-0.05061454830783555,0.017453292519943098,0.0918786822690407,0.0918786822690407,0.1360000018030405
0.02,0.02,29,120,100,-0.0027583133582013107,0.0,-0.00872664625997165,-0.05061454830783555,0.017453292519943098,0.09787077024310857,0.09787077024310857,0.1360000018030405
0.02,0.02,29,120,100,-0.003660807826327591,0.0,-0.00872664625997165,-0.05061454830783555,0.017453292519943098,0.09886945157211988,0.09886945157211988,0.1360000018030405
0.02,0.02,70,111,100,-0.004612041405534934,0.0,-0.00872664625997165,-0.05061454830783555,0.017453292519943098,0.09886945157211988,0.09886945157211988,0.1360000018030405
0.02,0.02,58,124,100,-0.0056632343333622315,0.0,-0.0017453292519943294,0.02792526803190927,2.220446049250313e-16,0.1089573365876743,0.1089573365876743,0.1360000018030405
0.02,0.02,73,120,100,-0.0067964939936615825,-0.00020979285336090043,-0.0017453292519943294,0.02792526803190927,2.220446049250313e-16,0.11495498814295912,0.11495498814295912,0.1360000018030405
0.02,0.02,46,119,100,-0.007988429828611398,-0.0004993357297459788,-0.0017453292519943294,0.02792526803190927,2.220446049250313e-16,0.11495498814295912,0.11495498814295912,0.1360000018030405
0.02,0.02,115,124,100,-0.009257334887888317,-0.0010642317261672389,-0.0017453292519943294,0.02792526803190927,2.220446049250313e-16,0.12095263969824395,0.12095263969824395,0.1360000018030405
0.02,0.02,65,126,100,-0.010634097236326818,-0.0017071928584732853,-0.0017453292519943294,0.02792526803190927,2.220446049250313e-16,0.13494715999390855,0.13494715999390855,0.1360000018030405
0.02,0.02,87,137,100,-0.012169946933788532,-0.00250901356495506,-0.0017453292519943294,0.02792526803190927,2.220446049250313e-16,0.14694246310447817,0.14694246310447817,0.1360000018030405
0.02,0.02,87,137,100,-0.013866196056171357,-0.00345606873633412,-0.0017453292519943294,0.02792526803190927,2.220446049250313e-16,0.15893776621504785,0.15893776621504785,0.1360000018030405
0.02,0.02,138,128,100,-0.01564698374984663,-0.0047146954083103305,-0.0017453292519943294,0.02792526803190927,2.220446049250313e-16,0.15893776621504785,0.15893776621504785,0.1360000018030405
0.02,0.02,143,132,100,-0.01755654977394384,-0.0062804719372866425,-0.0017453292519943294,0.02792526803190927,2.220446049250313e-16,0.17393189510325988,0.17393189510325988,0.1360000018030405
0.02,0.02,371,151,100,-0.019701920032584554,-0.009207093206539778,-0.0017453292519943294,0.02792526803190927,2.220446049250313e-16,0.18892602399147196,0.18892602399147196,0.1360000018030405
0.02,0.02,351,143,100,-0.022075698280293533,-0.013279174153994898,-0.0017453292519943294,0.02792526803190927,2.220446049250313e-16,0.21391623880515873,0.21391623880515873,0.1360000018030405
0.02,0.02,273,167,100,-0.0247949420433887,-0.017868099841272266,0.017453292519943295,0.02617993877991495,-0.017453292519943098,0.2248886412726783,0.2248886412726783,0.12299999594688416
0.02,0.02,271,149,100,-0.027750271338733267,-0.02297561923551744,0.017453292519943295,0.02617993877991495,-0.017453292519943098,0.24587824779146158,0.24587824779146158,0.12299999594688416
0.02,0.02,271,149,100,-0.03091989634720892,-0.02853980037863836,0.017453292519943295,0.02617993877991495,-0.017453292519943098,0.25587329851469176,0.25587329851469176,0.12299999594688416
0.02,0.02,290,131,100,-0.034135100156201276,-0.034568017650210565,0.017453292519943295,0.02617993877991495,-0.017453292519943098,0.25587329851469176,0.25587329851469176,0.12299999594688416
0.02,0.02,252,153,100,-0.03760932673160022,-0.04083971378755625,0.017453292519943295,0.02617993877991495,-0.017453292519943098,0.2778624101057981,0.2778624101057981,0.12299999594688416
0.02,0.02,220,68,100,-0.04070945182242763,-0.047143193758818494,0.017453292519943295,0.02617993877991495,-0.017453292519943098,0.2908559760459972,0.2908559760459972,0.12299999594688416
0.02,0.02,-39,233,100,-0.04496748849991366,-0.05154726394535422,0.017453292519943295,0.02617993877991495,-0.017453292519943098,0.3318356840112408,0.3318356840112408,0.12299999594688416
0.02,0.02,-39,233,100,-0.050210401208319294,-0.054507286444434755,0.017453292519943295,0.02617993877991495,-0.017453292519943098,0.35182578545770105,0.35182578545770105,0.12299999594688416
0.02,0.02,-58,179,100,-0.055810934618718284,-0.056186721000379254,0.017453292519943295,0.02617993877991495,-0.017453292519943098,0.37281539197648444,0.37281539197648444,0.12299999594688416
0.02,0.02,-27,131,100,-0.06129777266747767,-0.05718115320927714,0.017453292519943295,0.02617993877991495,-0.017453292519943098,0.39280549342294474,0.39280549342294474,0.12299999594688416
0.02,0.02,-48,210,100,-0.06771738885102623,-0.05740023733235535,0.04886921905584123,0.04886921905584124,-0.017453292519943098,0.4389500279960029,0.4389500279960029,0.12600000016391277
0.02,0.02,0,0,100,-0.07253210098868765,-0.05740023733235535,0.04886921905584123,0.04886921905584124,-0.017453292519943098,0.461895143095794,0.461895143095794,0.12600000016391277
0.02,0.02,-4,141,100,-0.07784516382548821,-0.05740023733235535,0.04886921905584123,0.04886921905584124,-0.017453292519943098,0.4828450307956032,0.4828450307956032,0.12600000016391277
0.02,0.02,-4,141,100,-0.08361990439395484,-0.05740023733235535,0.04886921905584123,0.04886921905584124,-0.017453292519943098,0.5077853732953761,0.5077853732953761,0.12600000016391277
0.02,0.02,-8,202,100,-0.09051527595544645,-0.05740023733235535,0.04886921905584123,0.04886921905584124,-0.017453292519943098,0.5077853732953761,0.5077853732953761,0.12600000016391277
0.02,0.02,-4,191,100,-0.098230569919487,-0.05740023733235535,0.04886921905584123,0.04886921905584124,-0.017453292519943098,0.532725715795149,0.532725715795149,0.12600000016391277
0.02,0.02,4,187,100,-0.10659148230671397,-0.05740023733235535,0.04886921905584123,0.04886921905584124,-0.017453292519943098,0.5506827623949855,0.5506827623949855,0.12600000016391277
0.02,0.02,-8,175,100,-0.1153674240012364,-0.05740023733235535,0.04886921905584123,0.04886921905584124,-0.017453292519943098,0.5726302637947855,0.5726302637947855,0.12600000016391277
0.02,0.02,4,137,100,-0.12399605959868706,-0.05740023733235535,0.04886921905584123,0.04886921905584124,-0.017453292519943098,0.5975706062945585,0.5975706062945585,0.12600000016391277
0.02,0.02,-9,115,100,-0.13225151899578383,-0.05740023733235535,0.04886921905584123,0.04886921905584124,-0.017453292519943098,0.6205157213943495,0.6205157213943495,0.12600000016391277
0.02,0.02,-3,102,100,-0.14011481613475327,-0.05740023733235535,0.06283185307179585,0.13613568165555773,-0.017453292519943098,0.6555696435870086,0.6555696435870086,0.13899999670684338
0.02,0.02,-4,74,100,-0.14726167816417546,-0.05740023733235535,0.06283185307179585,0.13613568165555773,-0.017453292519943098,0.6753455001054705,0.6753455001054705,0.13899999670684338
0.02,0.02,12,87,100,-0.1541294123881064,-0.05760818046364698,0.06283185307179585,0.13613568165555773,-0.017453292519943098,0.693143770972086,0.693143770972086,0.13899999670684338
0.02,0.02,8,60,100,-0.16031992871251274,-0.05790276656631011,0.06283185307179585,0.13613568165555773,-0.017453292519943098,0.693143770972086,0.693143770972086,0.13899999670684338
0.02,0.02,5,34,100,-0.16557047858698853,-0.058213068294950265,0.06283185307179585,0.13613568165555773,-0.017453292519943098,0.7148972131423941,0.7148972131423941,0.13899999670684338
0.02,0.02,-3,30,100,-0.17005494622737435,-0.058213068294950265,0.06283185307179585,0.13613568165555773,-0.017453292519943098,0.7287403127053173,0.7287403127053173,0.13899999670684338
0.02,0.02,0,20,100,-0.17379354383510154,-0.058213068294950265,0.06283185307179585,0.13613568165555773,-0.017453292519943098,0.7504937548756253,0.7504937548756253,0.13899999670684338
0.02,0.02,0,13,100,-0.1768452588032526,-0.058213068294950265,0.06283185307179585,0.13613568165555773,-0.017453292519943098,0.7623592687867023,0.7623592687867023,0.13899999670684338
0.02,0.02,-5,2,100,-0.1791765136812393,-0.058213068294950265,0.06283185307179585,0.13613568165555773,-0.017453292519943098,0.8493730374679342,0.8493730374679342,0.13899999670684338
0.02,0.02,-5,2,100,-0.18096742349160272,-0.058213068294950265,0.06283185307179585,0.13613568165555773,-0.017453292519943098,0.8493730374679342,0.8493730374679342,0.13899999670684338
0.02,0.02,-5,-31,100,-0.18163354720441233,-0.058213068294950265,0.0733038285837618,0.11693705988362008,-0.01745329251994332,0.8736240580167309,0.8736240580167309,0.15900000929832458
0.02,0.02,-5,-31,100,-0.18163354720441233,-0.058213068294950265,0.0733038285837618,0.11693705988362008,-0.01745329251994332,0.8835290926881225,0.8835290926881225,0.15900000929832458
0.02,0.02,25,-37,100,-0.1808107854994332,-0.05876898836588211,0.0733038285837618,0.11693705988362008,-0.01745329251994332,0.8894721134909575,0.8894721134909575,0.15900000929832458
0.02,0.02,11,-47,100,-0.17913694607160807,-0.05943325713482564,0.0733038285837618,0.11693705988362008,-0.01745329251994332,0.8993771481623488,0.8993771481623488,0.15900000929832458
0.02,0.02,25,-51,100,-0.17673486063683225,-0.06049356942913476,0.0733038285837618,0.11693705988362008,-0.01745329251994332,0.8993771481623488,0.8993771481623488,0.15900000929832458
0.02,0.02,32,-30,100,-0.17425282067882578,-0.06201464459058617,0.0733038285837618,0.11693705988362008,-0.01745329251994332,0.9073011758994621,0.9073011758994621,0.15900000929832458
0.02,0.02,42,-51,100,-0.17122100741688515,-0.06411921367391595,0.08726646259971646,0.059341194567807204,-0.034906585039887084,0.9178692497535427,0.9178692497535427,0.16300000250339508
0.02,0.02,54,-54,100,-0.167699969009348,-0.06694481894749497,0.08726646259971646,0.059341194567807204,-0.034906585039887084,0.9238358970975529,0.9238358970975529,0.16300000250339508
0.02,0.02,31,-44,100,-0.16403750129015582,-0.06978384918267286,0.08726646259971646,0.059341194567807204,-0.034906585039887084,0.9288081032175611,0.9288081032175611,0.16300000250339508
0.02,0.02,31,-44,100,-0.16025911661910475,-0.07263988436658729,0.08726646259971646,0.059341194567807204,-0.034906585039887084,0.937758074233576,0.937758074233576,0.16300000250339508
0.02,0.02,65,-22,100,-0.15690956117498797,-0.07630576762515268,0.08726646259971646,0.059341194567807204,-0.034906585039887084,0.937758074233576,0.937758074233576,0.16300000250339508
0.02,0.02,55,-19,100,-0.15394865298956964,-0.0803541689179289,0.08726646259971646,0.059341194567807204,-0.034906585039887084,0.9447191628015879,0.9447191628015879,0.16300000250339508
0.02,0.02,55,-24,100,-0.15115756036441852,-0.08469766287646127,0.08726646259971646,0.059341194567807204,-0.034906585039887084,0.9506858101455978,0.9506858101455978,0.16300000250339508
0.02,0.02,67,-24,100,-0.14849203941526462,-0.08955267914450503,0.08726646259971646,0.059341194567807204,-0.034906585039887084,0.9536691338176029,0.9536691338176029,0.16300000250339508
0.02,0.02,59,-23,100,-0.14594453895145407,-0.09460060331791881,0.08726646259971646,0.059341194567807204,-0.034906585039887084,0.9536691338176029,0.9536691338176029,0.16300000250339508
0.02,0.02,74,-17,100,-0.14362691367164288,-0.10015819321059932,0.08726646259971646,0.059341194567807204,-0.034906585039887084,0.9576468987136095,0.9576468987136095,0.16300000250339508
0.02,0.02,90,-5,100,-0.1417686159339863,-0.10648780363047734,0.08726646259971646,0.059341194567807204,-0.034906585039887084,0.9606302223856146,0.9606302223856146,0.16300000250339508
0.02,0.02,81,-8,100,-0.1401811659872463,-0.11319649371079837,0.06981317007977318,0.0017453292519943194,-0.05235987755982996,0.9686332174876596,0.9686332174876596,0.17899999395012856
0.02,0.02,78,-17,100,-0.1385759416612297,-0.12013046277368664,0.06981317007977318,0.0017453292519943194,-0.05235987755982996,0.9756161552038426,0.9756161552038426,0.17899999395012856
0.02,0.02,74,-14,100,-0.13702916117485264,-0.12714321142070847,0.06981317007977318,0.0017453292519943194,-0.05235987755982996,0.9796064053273755,0.9796064053273755,0.17899999395012856
0.02,0.02,90,-14,100,-0.13552551527443366,-0.13461137634935041,0.06981317007977318,0.0017453292519943194,-0.05235987755982996,0.9816015303891422,0.9816015303891422,0.17899999395012856
0.02,0.02,90,-14,100,-0.1340535220197116,-0.14242559252059642,0.06981317007977318,0.0017453292519943194,-0.05235987755982996,0.9835966554509087,0.9835966554509087,0.17899999395012856
0.02,0.02,81,-19,100,-0.13248231866733087,-0.15027803787631902,0.06981317007977318,0.0017453292519943194,-0.05235987755982996,0.9835966554509087,0.9835966554509087,0.17899999395012856
0.02,0.02,130,-41,100,-0.13029163957483153,-0.1593770293362279,0.06981317007977318,0.0017453292519943194,-0.05235987755982996,0.9875869055744418,0.9875869055744418,0.17899999395012856
0.02,0.02,131,-64,100,-0.1270652990064391,-0.16944215408149316,0.06981317007977318,0.0017453292519943194,-0.05235987755982996,0.9895820306362083,0.9895820306362083,0.17899999395012856
0.02,0.02,104,-17,100,-0.12422369932489749,-0.17957169190783712,0.06981317007977318,0.0017453292519943194,-0.05235987755982996,0.9925747182288581,0.9925747182288581,0.17899999395012856
0.02,0.02,127,-17,100,-0.12167150323664527,-0.19031393548590061,0.06981317007977318,0.0017453292519943194,-0.05235987755982996,0.9905795931670917,0.9905795931670917,0.17899999395012856
0.02,0.02,127,-17,100,-0.1193346639870576,-0.20152837742189597,0.06981317007977318,0.0017453292519943194,-0.05235987755982996,0.9945698432906248,0.9945698432906248,0.17899999395012856
0.02,0.02,143,10,100,-0.11783260089395199,-0.21352230759431015,0.027925268031909273,-0.02617993877991495,-0.06981317007977328,1.0022653763406089,1.0022653763406089,0.18600000068545341
0.02,0.02,128,6,100,-0.11685684305098201,-0.2257345973966175,0.027925268031909273,-0.02617993877991495,-0.06981317007977328,1.0052631790614683,1.0052631790614683,0.18600000068545341
0.02,0.02,128,6,100,-0.11627641370615792,-0.23812344754628703,0.027925268031909273,-0.02617993877991495,-0.06981317007977328,1.0092602493559473,1.0092602493559473,0.18600000068545341
0.02,0.02,172,14,100,-0.11627641370615792,-0.25178068533416914,0.027925268031909273,-0.02617993877991495,-0.06981317007977328,1.0152558547976658,1.0152558547976658,0.18600000068545341
0.02,0.02,157,21,100,-0.11681204610730744,-0.26602810353129386,0.027925268031909273,-0.02617993877991495,-0.06981317007977328,1.0202521926657644,1.0202521926657644,0.18600000068545341
0.02,0.02,152,44,100,-0.11833824620876389,-0.2805982199448268,0.027925268031909273,-0.02617993877991495,-0.06981317007977328,1.0222507278130037,1.0222507278130037,0.18600000068545341
0.02,0.02,152,44,100,-0.12060737208545053,-0.29541036002066595,0.027925268031909273,-0.02617993877991495,-0.06981317007977328,1.0222507278130037,1.0222507278130037,0.18600000068545341
0.02,0.02,228,72,100,-0.12415646252955898,-0.31236907752675797,0.027925268031909273,-0.02617993877991495,-0.06981317007977328,1.026247798107483,1.026247798107483,0.18600000068545341
0.02,0.02,211,76,100,-0.12877161490274755,-0.330511189182151,0.04014257279586958,-0.01396263401595464,-0.05235987755983018,1.02807081058276,1.02807081058276,0.18600000068545341
0.02,0.02,164,-62,100,-0.13061469182069396,-0.348398404010131,0.04014257279586958,-0.01396263401595464,-0.05235987755983018,1.0440563625451742,1.0440563625451742,0.18600000068545341
0.02,0.02,164,-62,100,-0.1303725177458233,-0.3661108314083127,0.04014257279586958,-0.01396263401595464,-0.05235987755983018,1.0480527505357777,1.0480527505357777,0.18600000068545341
0.02,0.02,159,-74,100,-0.12825198960117914,-0.38356116164032866,0.04014257279586958,-0.01396263401595464,-0.05235987755983018,1.0480527505357777,1.0480527505357777,0.18600000068545341
0.02,0.02,163,-73,100,-0.12474342716690609,-0.4009319382335702,0.04014257279586958,-0.01396263401595464,-0.05235987755983018,1.0510500415287307,1.0510500415287307,0.18600000068545341
0.02,0.02,168,-63,100,-0.12045188079247965,-0.41838701947509244,0.04014257279586958,-0.01396263401595464,-0.05235987755983018,1.0540473325216833,1.0540473325216833,0.18600000068545341
0.02,0.02,157,-60,100,-0.11564765407638786,-0.4356272305535291,0.04014257279586958,-0.01396263401595464,-0.05235987755983018,1.0570446235146358,1.0570446235146358,0.18600000068545341
0.02,0.02,146,-69,100,-0.11020803820045497,-0.45244320179676456,0.03141592653589793,-0.07330382858376185,-0.034906585039887306,1.0646062833994485,1.0646062833994485,0.19600000232458115
0.02,0.02,118,-56,100,-0.10463648194543824,-0.46819870939118957,0.03141592653589793,-0.07330382858376185,-0.034906585039887306,1.065603105762182,1.065603105762182,0.19600000232458115
0.02,0.02,114,-31,100,-0.09963042727254777,-0.4830579908258981,0.03141592653589793,-0.07330382858376185,-0.034906585039887306,1.0675967504876491,1.0675967504876491,0.19600000232458115
0.02,0.02,114,-12,100,-0.09555740152298654,-0.4972280569784166,0.03141592653589793,-0.07330382858376185,-0.034906585039887306,1.0616158163112477,1.0616158163112477,0.19600000232458115
0.02,0.02,-117,3,100,-0.09258210387368455,-0.504756211740917,0.03141592653589793,-0.07330382858376185,-0.034906585039887306,1.0596221715857805,1.0596221715857805,0.19600000232458115
0.02,0.02,-135,1,100,-0.09037692460904351,-0.5068526415475078,0.043633231299858244,-0.11693705988362009,-0.06981317007977328,1.0517588934176465,1.0517588934176465,0.20999999716877937
0.02,0.02,-83,-11,100,-0.08843326074091874,-0.506238446463319,0.043633231299858244,-0.11693705988362009,-0.06981317007977328,1.053743344159944,1.053743344159944,0.20999999716877937
0.02,0.02,-85,-11,100,-0.08668600628215825,-0.5035407040227512,0.043633231299858244,-0.11693705988362009,-0.06981317007977328,1.052751118788795,1.052751118788795,0.20999999716877937
0.02,0.02,-85,-11,100,-0.08508551315646683,-0.4992760841070718,0.043633231299858244,-0.11693705988362009,-0.06981317007977328,1.0547355695310927,1.0547355695310927,0.20999999716877937
0.02,0.02,-83,-33,100,-0.08301498646733511,-0.49388904286353524,0.043633231299858244,-0.11693705988362009,-0.06981317007977328,1.0547355695310927,1.0547355695310927,0.20999999716877937
0.02,0.02,-77,-36,100,-0.08051550844641045,-0.48782412606105385,0.043633231299858244,-0.11693705988362009,-0.06981317007977328,1.0517588934176465,1.0517588934176465,0.20999999716877937
0.02,0.02,-94,-36,100,-0.07769610293230914,-0.48080846851890574,0.043633231299858244,-0.11693705988362009,-0.06981317007977328,1.049774442675349,1.049774442675349,0.20999999716877937
0.02,0.02,-87,-19,100,-0.07508054940120588,-0.47325267549856453,0.043633231299858244,-0.11693705988362009,-0.06981317007977328,1.0547355695310927,1.0547355695310927,0.20999999716877937
0.02,0.02,-44,6,100,-0.07327709458830811,-0.46642562160682444,0.043633231299858244,-0.11693705988362009,-0.06981317007977328,1.0547355695310927,1.0547355695310927,0.20999999716877937
0.02,0.02,-113,40,100,-0.072982953369319,-0.4583152102468364,0.013962634015954649,-0.10122909661567112,-0.10471975511965936,1.0584498906842197,1.0584498906842197,0.20999999716877937
0.02,0.02,-144,71,100,-0.07464109601104164,-0.4484219821203822,0.013962634015954649,-0.10122909661567112,-0.10471975511965936,1.0584498906842197,1.0584498906842197,0.20999999716877937
0.02,0.02,-144,71,100,-0.07776521728942215,-0.4371880601976437,0.013962634015954649,-0.10122909661567112,-0.10471975511965936,1.0594446744160657,1.0594446744160657,0.20999999716877937
0.02,0.02,-147,76,100,-0.08212125312959806,-0.4248691595771108,0.013962634015954649,-0.10122909661567112,-0.10471975511965936,1.0594446744160657,1.0594446744160657,0.20999999716877937
0.02,0.02,-173,65,100,-0.0871131106527846,-0.4110392810155812,0.013962634015954649,-0.10122909661567112,-0.10471975511965936,1.0614342418797578,1.0614342418797578,0.20999999716877937
0.02,0.02,-171,44,100,-0.09202567572334726,-0.39612498800994433,0.013962634015954649,-0.10122909661567112,-0.10471975511965936,1.0624290256116038,1.0624290256116038,0.20999999716877937
0.02,0.02,-152,14,100,-0.09608194968523331,-0.3809020379583926,0.013962634015954649,-0.10122909661567112,-0.10471975511965936,1.0624290256116038,1.0624290256116038,0.20999999716877937
0.02,0.02,-151,11,100,-0.09941632313869105,-0.36547415584804505,0.013962634015954649,-0.10122909661567112,-0.10471975511965936,1.0624290256116038,1.0624290256116038,0.20999999716877937
0.02,0.02,-151,65,100,-0.10364516691896745,-0.3498888193850128,0.013962634015954649,-0.10122909661567112,-0.10471975511965936,1.0634238093434498,1.0634238093434498,0.20999999716877937
0.02,0.02,-205,65,100,-0.10854324692079362,-0.33275486828147915,0.013962634015954649,-0.10122909661567112,-0.10471975511965936,1.0624290256116038,1.0624290256116038,0.20999999716877937
0.02,0.02,-186,49,100,-0.11351828247853746,-0.31496410998473495,0.013962634015954649,-0.10122909661567112,-0.10471975511965936,1.0624290256116038,1.0624290256116038,0.20999999716877937
0.02,0.02,-196,69,100,-0.1190884791323634,-0.2963974424627342,0.012217304763960308,-0.05934119456780721,-0.15707963267948954,1.066040571314816,1.066040571314816,0.20999999716877937
0.02,0.02,-104,7,100,-0.12345250904378037,-0.2797033315656704,0.012217304763960308,-0.05934119456780721,-0.15707963267948954,1.0650424059858696,1.0650424059858696,0.20999999716877937
0.02,0.02,-110,2,100,-0.12677873368937595,-0.264256626731066,0.012217304763960308,-0.05934119456780721,-0.15707963267948954,1.0640442406569233,1.0640442406569233,0.20999999716877937
0.02,0.02,-125,0,100,-0.12927340217357264,-0.2493464598530598,0.012217304763960308,-0.05934119456780721,-0.15707963267948954,1.0640442406569233,1.0640442406569233,0.20999999716877937
0.02,0.02,-125,0,100,-0.13114440353672016,-0.23484181570915524,0.012217304763960308,-0.05934119456780721,-0.15707963267948954,1.0630460753279767,1.0630460753279767,0.20999999716877937
0.02,0.02,-160,1,100,-0.132574230710964,-0.21971114829991492,0.012217304763960308,-0.05934119456780721,-0.15707963267948954,1.0630460753279767,1.0630460753279767,0.20999999716877937
0.02,0.02,-160,1,100,-0.13367315228939686,-0.20411495610298855,0.012217304763960308,-0.05934119456780721,-0.15707963267948954,1.0620479099990303,1.0620479099990303,0.20999999716877937
0.02,0.02,-152,-4,100,-0.1343911386822216,-0.18838202989729746,0.012217304763960308,-0.05934119456780721,-0.15707963267948954,1.0620479099990303,1.0620479099990303,0.20999999716877937
0.02,0.02,-152,-4,100,-0.13482332386930737,-0.17254276015678283,0.012217304763960308,-0.05934119456780721,-0.15707963267948954,1.0630460753279767,1.0630460753279767,0.20999999716877937
0.02,0.02,-114,-10,100,-0.13482332386930737,-0.15763647130789962,0.012217304763960308,-0.05934119456780721,-0.15707963267948954,1.0620479099990303,1.0620479099990303,0.20999999716877937
0.02,0.02,-125,0,100,-0.13482332386930737,-0.1431409742191432,0.012217304763960308,-0.05934119456780721,-0.15707963267948954,1.0610497446700837,1.0610497446700837,0.20999999716877937
0.02,0.02,-90,7,100,-0.13482332386930737,-0.12988640588068143,-0.019198621771937634,-0.07155849933176749,-0.17453292519943275,1.059086898619759,1.059086898619759,0.20999999716877937
0.02,0.02,-64,9,100,-0.13506184280431432,-0.11824934497789678,-0.019198621771937634,-0.07155849933176749,-0.17453292519943275,1.0600841555864442,1.0600841555864442,0.20999999716877937
0.02,0.02,-82,3,100,-0.13532008872869353,-0.10735246553541951,-0.019198621771937634,-0.07155849933176749,-0.17453292519943275,1.0580896416530736,1.0580896416530736,0.20999999716877937
0.02,0.02,-82,3,100,-0.13559312989510192,-0.09701072218817275,-0.019198621771937634,-0.07155849933176749,-0.17453292519943275,1.0580896416530736,1.0580896416530736,0.20999999716877937
0.02,0.02,-117,5,100,-0.13593054594647733,-0.08615075154601977,-0.019198621771937634,-0.07155849933176749,-0.17453292519943275,1.0610814125531294,1.0610814125531294,0.20999999716877937
0.02,0.02,-85,11,100,-0.136475405373461,-0.07575097556272964,-0.019198621771937634,-0.07155849933176749,-0.17453292519943275,1.0610814125531294,1.0610814125531294,0.20999999716877937
0.02,0.02,-72,18,100,-0.13736063904807766,-0.06604478715774648,-0.019198621771937634,-0.07155849933176749,-0.17453292519943275,1.059086898619759,1.059086898619759,0.20999999716877937
0.02,0.02,-72,18,100,-0.13850160217405405,-0.0568569943739535,-0.019198621771937634,-0.07155849933176749,-0.17453292519943275,1.0600841555864442,1.0600841555864442,0.20999999716877937
0.02,0.02,-180,68,100,-0.1411594675830333,-0.04519577108596977,-0.019198621771937634,-0.07155849933176749,-0.17453292519943275,1.0600841555864442,1.0600841555864442,0.20999999716877937
0.02,0.02,-166,76,100,-0.14516323695890856,-0.032058781607121715,-0.019198621771937634,-0.07155849933176749,-0.17453292519943275,1.0580896416530736,1.0580896416530736,0.20999999716877937
0.02,0.02,-157,76,100,-0.15017832909819256,-0.01804912342090312,-0.019198621771937634,-0.07155849933176749,-0.17453292519943275,1.059086898619759,1.059086898619759,0.20999999716877937
0.02,0.02,-136,80,100,-0.15605383297202835,-0.003947765673305457,-0.019198621771937634,-0.07155849933176749,-0.17453292519943275,1.0570923846863884,1.0570923846863884,0.20999999716877937
0.02,0.02,-128,80,100,-0.1625773706636505,0.010015308295385288,0.012217304763960305,-0.029670597283903612,-0.17453292519943264,1.0584548931226547,1.0584548931226547,0.20999999716877937
0.02,0.02,-153,67,100,-0.16924126174053264,0.02453238070696795,0.012217304763960305,-0.029670597283903612,-0.17453292519943264,1.0574554078600271,1.0574554078600271,0.20999999716877937
0.02,0.02,109,2,100,-0.17429210279285037,0.03253589543189571,0.012217304763960305,-0.029670597283903612,-0.17453292519943264,1.0584548931226547,1.0584548931226547,0.20999999716877937
0.02,0.02,109,2,100,-0.1781331063524817,0.03565696548917296,0.012217304763960305,-0.029670597283903612,-0.17453292519943264,1.0574554078600271,1.0574554078600271,0.20999999716877937
0.02,0.02,67,-5,100,-0.1808816770962227,0.036226530223965346,0.012217304763960305,-0.029670597283903612,-0.17453292519943264,1.0574554078600271,1.0574554078600271,0.20999999716877937
0.02,0.02,-134,2,100,-0.18299602789868455,0.040199527667020535,0.012217304763960305,-0.029670597283903612,-0.17453292519943264,1.0584548931226547,1.0584548931226547,0.20999999716877937
0.02,0.02,-134,2,100,-0.18463461379666082,0.04671840309001321,0.012217304763960305,-0.029670597283903612,-0.17453292519943264,1.0564559225973993,1.0564559225973993,0.20999999716877937
0.02,0.02,96,-81,100,-0.18372220601922648,0.04906966667839365,0.012217304763960305,-0.029670597283903612,-0.17453292519943264,1.0574554078600271,1.0574554078600271,0.20999999716877937
0.02,0.02,96,-81,100,-0.1808904811122637,0.048288025096924,0.012217304763960305,-0.029670597283903612,-0.17453292519943264,1.0604538636479097,1.0604538636479097,0.20999999716877937
0.02,0.02,-209,2,100,-0.1788195322563356,0.05322407804954484,0.047123889803846894,-0.04188790204786391,-0.15707963267948966,1.0568964858800152,1.0568964858800152,0.20999999716877937
0.02,0.02,-209,0,100,-0.17726632061438954,0.06244318728126167,0.047123889803846894,-0.04188790204786391,-0.15707963267948966,1.055898472201186,1.055898472201186,0.20999999716877937
0.02,0.02,-177,0,100,-0.17610141188293,0.07402103752348191,0.047123889803846894,-0.04188790204786391,-0.15707963267948966,1.053902444843528,1.053902444843528,0.20999999716877937
0.02,0.02,-150,2,100,-0.17528032565520962,0.08664907427071909,0.047123889803846894,-0.04188790204786391,-0.15707963267948966,1.0519064174858697,1.0519064174858697,0.20999999716877937
0.02,0.02,122,-14,100,-0.17430088470053798,0.09295135850018066,0.047123889803846894,-0.04188790204786391,-0.15707963267948966,1.0389322396610914,1.0389322396610914,0.20999999716877937
0.02,0.02,150,-67,100,-0.1718344508476621,0.09380078853002578,0.047123889803846894,-0.04188790204786391,-0.15707963267948966,1.0339421712669459,1.0339421712669459,0.20999999716877937
0.02,0.02,157,-68,100,-0.16823031701335942,0.09038747243756567,0.047123889803846894,-0.04188790204786391,-0.15707963267948966,1.0319461439092876,1.0319461439092876,0.20999999716877937
0.02,0.02,102,-11,100,-0.1652443465586746,0.08520450827243,0.027925268031909267,-0.04363323129985824,-0.13962634015954645,1.0286184689374913,1.0286184689374913,0.20999999716877937
0.02,0.02,115,-3,100,-0.16292772233249064,0.07836000705038294,0.027925268031909267,-0.04363323129985824,-0.13962634015954645,1.0286184689374913,1.0286184689374913,0.20999999716877937
0.02,0.02,144,0,100,-0.16119025416285268,0.06952360464567268,0.027925268031909267,-0.04363323129985824,-0.13962634015954645,1.0286184689374913,1.0286184689374913,0.20999999716877937
0.02,0.02,144,0,100,-0.15988715303562423,0.05919327635396502,0.027925268031909267,-0.04363323129985824,-0.13962634015954645,1.0286184689374913,1.0286184689374913,0.20999999716877937
0.02,0.02,150,7,100,-0.15908983542226693,0.04758821087666868,0.027925268031909267,-0.04363323129985824,-0.13962634015954645,1.0286184689374913,1.0286184689374913,0.20999999716877937
0.02,0.02,122,20,100,-0.15908983542226693,0.035747125438437076,0.027925268031909267,-0.04363323129985824,-0.13962634015954645,1.0286184689374913,1.0286184689374913,0.20999999716877937
0.02,0.02,83,21,100,-0.15962881152681602,0.02473607247035506,0.027925268031909267,-0.04363323129985824,-0.13962634015954645,1.0266211515220787,1.0266211515220787,0.20999999716877937
0.02,0.02,83,8,100,-0.16023836783553225,0.014347543854885233,0.027925268031909267,-0.04363323129985824,-0.13962634015954645,1.0266211515220787,1.0266211515220787,0.20999999716877937
0.02,0.02,83,8,100,-0.16090085929737383,0.004425908503874551,0.027925268031909267,-0.04363323129985824,-0.13962634015954645,1.0266211515220787,1.0266211515220787,0.20999999716877937
0.02,0.02,86,18,100,-0.16185970741193995,-0.005222553485155931,0.027925268031909267,-0.04363323129985824,-0.13962634015954645,1.0266211515220787,1.0266211515220787,0.20999999716877937
0.02,0.02,93,8,100,-0.16278416772816895,-0.014845794154217624,0.027925268031909267,-0.04363323129985824,-0.13962634015954645,1.0266211515220787,1.0266211515220787,0.20999999716877937
0.02,0.02,85,4,100,-0.16358019169338475,-0.024245147626949834,0.017453292519943295,0.010471975511965978,-0.13962634015954634,1.026787280440442,1.026787280440442,0.21500000730156898
0.02,0.02,67,-3,100,-0.16410020062126357,-0.03301453142623673,0.017453292519943295,0.010471975511965978,-0.13962634015954634,1.026787280440442,1.026787280440442,0.21500000730156898
0.02,0.02,62,-15,100,-0.16410020062126357,-0.041184639239337545,0.017453292519943295,0.010471975511965978,-0.13962634015954634,1.0277870733133152,1.0277870733133152,0.21500000730156898
0.02,0.02,64,-27,100,-0.1634064443467771,-0.048956679416464456,0.017453292519943295,0.010471975511965978,-0.13962634015954634,1.0277870733133152,1.0277870733133152,0.21500000730156898
0.02,0.02,40,-24,100,-0.1622712545240954,-0.05581049724400434,0.017453292519943295,0.010471975511965978,-0.13962634015954634,1.0247876946946963,1.0247876946946963,0.21500000730156898
0.02,0.02,40,-24,100,-0.1608043896645436,-0.06197664810222682,0.017453292519943295,0.010471975511965978,-0.13962634015954634,1.0257874875675694,1.0257874875675694,0.21500000730156898
0.02,0.02,-46,7,100,-0.1598837538302041,-0.06542160563519098,0.017453292519943295,0.010471975511965978,-0.13962634015954634,1.0257874875675694,1.0257874875675694,0.21500000730156898
0.02,0.02,30,1,100,-0.15921892164163864,-0.06877466440058977,0.017453292519943295,0.010471975511965978,-0.13962634015954634,1.0257874875675694,1.0257874875675694,0.21500000730156898
0.02,0.02,25,1,100,-0.15874594218740373,-0.0719305756543686,0.017453292519943295,0.010471975511965978,-0.13962634015954634,1.0257874875675694,1.0257874875675694,0.21500000730156898
0.02,0.02,25,1,100,-0.15841685228391675,-0.07493862627443244,0.017453292519943295,0.010471975511965978,-0.13962634015954634,1.0257874875675694,1.0257874875675694,0.21500000730156898
0.02,0.02,39,-8,100,-0.15796507731736256,-0.07819383224180766,0.017453292519943295,0.010471975511965978,-0.13962634015954634,1.0247876946946963,1.0247876946946963,0.21500000730156898
0.02,0.02,17,-3,100,-0.1575494925245402,-0.0810701736021439,0.03316125578789225,0.010471975511965975,-0.15707963267948954,1.0233809054231326,1.0233809054231326,0.21199999377131462
0.02,0.02,23,-10,100,-0.15698195870356765,-0.08381587364301438,0.03316125578789225,0.010471975511965975,-0.15707963267948954,1.0233809054231326,1.0233809054231326,0.21199999377131462
0.02,0.02,41,-15,100,-0.15617216572502376,-0.08692513848202679,0.03316125578789225,0.010471975511965975,-0.15707963267948954,1.024380300838585,1.024380300838585,0.21199999377131462
0.02,0.02,-12,-5,100,-0.1554370233023649,-0.0889503726582838,0.03316125578789225,0.010471975511965975,-0.15707963267948954,1.0223815100076803,1.0223815100076803,0.21199999377131462
0.02,0.02,-106,0,100,-0.15488566648537072,-0.08776263568680716,0.03316125578789225,0.010471975511965975,-0.15707963267948954,1.0213821145922282,1.0213821145922282,0.21199999377131462
0.02,0.02,-106,0,100,-0.15447214887262511,-0.08416517035453026,0.03316125578789225,0.010471975511965975,-0.15707963267948954,1.0213821145922282,1.0213821145922282,0.21199999377131462
0.02,0.02,39,-15,100,-0.15377899237009382,-0.08246291891705002,0.03316125578789225,0.010471975511965975,-0.15707963267948954,1.0213821145922282,1.0213821145922282,0.21199999377131462
0.02,0.02,39,-12,100,-0.15295360981469158,-0.08217915466907705,0.03316125578789225,0.010471975511965975,-0.15707963267948954,1.0183839283458713,1.0183839283458713,0.21199999377131462
0.02,0.02,39,-9,100,-0.1521054365142621,-0.08295925581323454,0.03316125578789225,0.010471975511965975,-0.15707963267948954,1.0183839283458713,1.0183839283458713,0.21199999377131462
0.02,0.02,39,-9,100,-0.1512403950190306,-0.08453628159095983,0.03316125578789225,0.010471975511965975,-0.15707963267948954,1.017384532930419,1.017384532930419,0.21199999377131462
0.02,0.02,44,-3,100,-0.15051523510298107,-0.08683927324543425,0.03316125578789225,0.010471975511965975,-0.15707963267948954,1.0183839283458713,1.0183839283458713,0.21199999377131462
0.02,0.02,45,0,100,-0.14997136516594392,-0.0897099502659944,0.03316125578789225,0.010471975511965975,-0.15707963267948954,1.0163851375149666,1.0163851375149666,0.21199999377131462
0.02,0.02,38,-4,100,-0.14946208457113086,-0.09282605038074881,0.06283185307179587,0.04886921905584125,-0.15707963267948966,1.0137814203518944,1.0137814203518944,0.21199999377131462
0.02,0.02,45,-1,100,-0.14905477958951227,-0.0963036295647105,0.06283185307179587,0.04886921905584125,-0.15707963267948966,1.0137814203518944,1.0137814203518944,0.21199999377131462
0.02,0.02,40,0,100,-0.14874930085329832,-0.09992459853781208,0.06283185307179587,0.04886921905584125,-0.15707963267948966,1.0127845851303097,1.0127845851303097,0.21199999377131462
0.02,0.02,53,-7,100,-0.14834312894490384,-0.10398094403626731,0.06283185307179587,0.04886921905584125,-0.15707963267948966,1.0117877499087244,1.0117877499087244,0.21199999377131462
0.02,0.02,57,-5,100,-0.14791202654486937,-0.10846500070372868,0.06283185307179587,0.04886921905584125,-0.15707963267948966,1.0117877499087244,1.0117877499087244,0.21199999377131462
0.02,0.02,57,-5,100,-0.14746222627610495,-0.11326984074794463,0.06283185307179587,0.04886921905584125,-0.15707963267948966,1.0117877499087244,1.0117877499087244,0.21199999377131462
0.02,0.02,63,-6,100,-0.1469734069626118,-0.11846389645626484,0.06283185307179587,0.04886921905584125,-0.15707963267948966,1.0097940794655544,1.0097940794655544,0.21199999377131462
0.02,0.02,60,-9,100,-0.14637914023376247,-0.12387711986236809,0.06283185307179587,0.04886921905584125,-0.15707963267948966,1.0117877499087244,1.0117877499087244,0.21199999377131462
0.02,0.02,60,-6,100,-0.14578256917633858,-0.12944574752481436,0.06283185307179587,0.04886921905584125,-0.15707963267948966,1.0058067385792149,1.0058067385792149,0.21199999377131462
0.02,0.02,64,-9,100,-0.14510838579124063,-0.13523469892608486,0.06283185307179587,0.04886921905584125,-0.15707963267948966,1.0078004090223847,1.0078004090223847,0.21199999377131462
0.02,0.02,64,-9,100,-0.14437769536720182,-0.14117678854968033,0.10821041362364843,0.06108652381980153,-0.12217304763960357,1.0002350454016151,1.0002350454016151,0.21199999377131462
0.02,0.02,29,-11,100,-0.14355434003010245,-0.14635924559038033,0.10821041362364843,0.06108652381980153,-0.12217304763960357,1.0012273420736402,1.0012273420736402,0.21199999377131462
0.02,0.02,29,-11,100,-0.1426620317713773,-0.15097053936373428,0.10821041362364843,0.06108652381980153,-0.12217304763960357,0.9992427487295895,0.9992427487295895,0.21199999377131462
0.02,0.02,39,-24,100,-0.14139385030609888,-0.15540230388450585,0.10821041362364843,0.06108652381980153,-0.12217304763960357,0.9982504520575641,0.9982504520575641,0.21199999377131462
0.02,0.02,39,-13,100,-0.14011828281022137,-0.15969942146584065,0.10821041362364843,0.06108652381980153,-0.12217304763960357,0.9982504520575641,0.9982504520575641,0.21199999377131462
0.02,0.02,48,-11,100,-0.13888790695875183,-0.16411658792629155,0.10821041362364843,0.06108652381980153,-0.12217304763960357,0.9952735620414878,0.9952735620414878,0.21199999377131462
0.02,0.02,42,-6,100,-0.13781583403584344,-0.16847450001177328,0.10821041362364843,0.06108652381980153,-0.12217304763960357,0.9952735620414878,0.9952735620414878,0.21199999377131462
0.02,0.02,42,-6,100,-0.13686263715385674,-0.1727869294045225,0.10821041362364843,0.06108652381980153,-0.12217304763960357,0.9942812653694625,0.9942812653694625,0.21199999377131462
0.02,0.02,29,-1,100,-0.13612293207556608,-0.17674066653630285,0.10821041362364843,0.06108652381980153,-0.12217304763960357,0.9922966720254117,0.9922966720254117,0.21199999377131462
0.02,0.02,10,2,100,-0.13561776810044934,-0.17995404355314448,0.10821041362364843,0.06108652381980153,-0.12217304763960357,0.9922966720254117,0.9922966720254117,0.21199999377131462
0.02,0.02,17,15,100,-0.13561776810044934,-0.1827853806753009,0.10821041362364843,0.06108652381980153,-0.12217304763960357,0.9913043753533863,0.9913043753533863,0.21199999377131462
0.02,0.02,-3,7,100,-0.13561776810044934,-0.1848346101110171,0.10821041362364843,0.06108652381980153,-0.12217304763960357,0.9903120786813608,0.9903120786813608,0.21199999377131462
0.02,0.02,-11,17,100,-0.13603770547145286,-0.18609980800656667,0.12391837689159739,0.050614548307835565,-0.06981317007977328,0.988087931772978,0.988087931772978,0.21199999377131462
0.02,0.02,-14,1,100,-0.13637718726230466,-0.18670530375184036,0.12391837689159739,0.050614548307835565,-0.06981317007977328,0.9811505039671498,0.9811505039671498,0.21199999377131462
0.02,0.02,-47,14,100,-0.13697520128183202,-0.18600657371863422,0.12391837689159739,0.050614548307835565,-0.06981317007977328,0.9811505039671498,0.9811505039671498,0.21199999377131462
0.02,0.02,-47,11,100,-0.1376935281850685,-0.18432967435156822,0.12391837689159739,0.050614548307835565,-0.06981317007977328,0.9811505039671498,0.9811505039671498,0.21199999377131462
0.02,0.02,-57,8,100,-0.13842830525106628,-0.18167527262020458,0.12391837689159739,0.050614548307835565,-0.06981317007977328,0.9801594428520314,0.9801594428520314,0.21199999377131462
0.02,0.02,-44,14,100,-0.13932209698417253,-0.17860738610177124,0.12391837689159739,0.050614548307835565,-0.06981317007977328,0.9791683817369131,0.9791683817369131,0.21199999377131462
0.02,0.02,-55,7,100,-0.1401633245299469,-0.17496381320909504,0.13439035240356337,0.05759586531581288,-4.440892098500626e-16,0.9764785482554073,0.9764785482554073,0.21199999377131462
0.02,0.02,-65,1,100,-0.14081865715298408,-0.17064435589867286,0.13439035240356337,0.05759586531581288,-4.440892098500626e-16,0.9764785482554073,0.9764785482554073,0.21199999377131462
0.02,0.02,-65,1,100,-0.14133454385046915,-0.16581959295238893,0.13439035240356337,0.05759586531581288,-4.440892098500626e-16,0.9754892082875699,0.9754892082875699,0.21199999377131462
0.02,0.02,-65,1,100,-0.14174584610379012,-0.16061585077920867,0.13439035240356337,0.05759586531581288,-4.440892098500626e-16,0.9754892082875699,0.9754892082875699,0.21199999377131462
0.02,0.02,-62,-5,100,-0.14174584610379012,-0.15520103587647774,0.13439035240356337,0.05759586531581288,-4.440892098500626e-16,0.9754892082875699,0.9754892082875699,0.21199999377131462
0.02,0.02,-62,-5,100,-0.14174584610379012,-0.1496309833804841,0.13439035240356337,0.05759586531581288,-4.440892098500626e-16,0.9735105283518954,0.9735105283518954,0.21199999377131462
0.02,0.02,-62,-4,100,-0.14174584610379012,-0.14394450268954345,0.13439035240356337,0.05759586531581288,-4.440892098500626e-16,0.9735105283518954,0.9735105283518954,0.21199999377131462
0.02,0.02,-75,-5,100,-0.14174584610379012,-0.13785801995555755,0.13439035240356337,0.05759586531581288,-4.440892098500626e-16,0.9715318484162208,0.9715318484162208,0.21199999377131462
0.02,0.02,-75,-5,100,-0.14174584610379012,-0.1314715356892877,0.13439035240356337,0.05759586531581288,-4.440892098500626e-16,0.9715318484162208,0.9715318484162208,0.21199999377131462
0.02,0.02,-76,-1,100,-0.14174584610379012,-0.1248376417235334,0.13439035240356337,0.05759586531581288,-4.440892098500626e-16,0.9705425084483835,0.9705425084483835,0.21199999377131462
0.02,0.02,-65,1,100,-0.14174584610379012,-0.11828508967298904,0.13439035240356337,0.05759586531581288,-4.440892098500626e-16,0.9705425084483835,0.9705425084483835,0.21199999377131462
0.02,0.02,-85,1,100,-0.14174584610379012,-0.11131200929906596,0.1361356816555577,0.04886921905584124,0.017453292519942876,0.9687841581246163,0.9687841581246163,0.21199999377131462
0.02,0.02,-94,1,100,-0.14174584610379012,-0.1038055562470308,0.1361356816555577,0.04886921905584124,0.017453292519942876,0.9687841581246163,0.9687841581246163,0.21199999377131462
0.02,0.02,-31,-4,100,-0.14174584610379012,-0.09742567564835117,0.1361356816555577,0.04886921905584124,0.017453292519942876,0.9677945931009956,0.9677945931009956,0.21199999377131462
0.02,0.02,-22,-5,100,-0.14174584610379012,-0.0921079339123729,0.1361356816555577,0.04886921905584124,0.017453292519942876,0.9687841581246163,0.9687841581246163,0.21199999377131462
0.02,0.02,-22,-5,100,-0.14174584610379012,-0.08758842910570963,0.1361356816555577,0.04886921905584124,0.017453292519942876,0.9658154630537543,0.9658154630537543,0.21199999377131462
0.02,0.02,-34,0,100,-0.14174584610379012,-0.08337785735711649,0.1361356816555577,0.04886921905584124,0.017453292519942876,0.9658154630537543,0.9658154630537543,0.21199999377131462
0.02,0.02,13,-1,100,-0.14174584610379012,-0.08053381857116411,0.1361356816555577,0.04886921905584124,0.017453292519942876,0.9658154630537543,0.9658154630537543,0.21199999377131462
0.02,0.02,39,-9,100,-0.14152853762460302,-0.07934245955817723,0.1361356816555577,0.04886921905584124,0.017453292519942876,0.9658154630537543,0.9658154630537543,0.21199999377131462
0.02,0.02,39,-9,100,-0.1411480251338953,-0.07934245955817723,0.1361356816555577,0.04886921905584124,0.017453292519942876,0.9668050280773749,0.9668050280773749,0.21199999377131462
0.02,0.02,-63,2,100,-0.14091107997377073,-0.07781662450913096,0.1361356816555577,0.04886921905584124,0.017453292519942876,0.9687841581246163,0.9687841581246163,0.21199999377131462
0.02,0.02,-63,2,100,-0.14091107997377073,-0.07514329604347558,0.1361356816555577,0.04886921905584124,0.017453292519942876,0.9707632881718575,0.9707632881718575,0.21199999377131462
0.02,0.02,-115,4,100,-0.14091107997377073,-0.07034735524073996,0.1361356816555577,0.04886921905584124,0.017453292519942876,0.9707632881718575,0.9707632881718575,0.21199999377131462
0.02,0.02,59,-33,100,-0.14010477722104045,-0.06819197122690297,0.10995574287564275,0.03839724354387525,-0.017453292519943098,0.9773366699760875,0.9773366699760875,0.21199999377131462
0.02,0.02,-10,-11,100,-0.13923155571003817,-0.066331347356112,0.10995574287564275,0.03839724354387525,-0.017453292519943098,0.9763434416529411,0.9763434416529411,0.21199999377131462
0.02,0.02,-10,-9,100,-0.13835629187329643,-0.06469104867136317,0.10995574287564275,0.03839724354387525,-0.017453292519943098,0.9793231266223803,0.9793231266223803,0.21199999377131462
0.02,0.02,-132,10,100,-0.1379449230844765,-0.060225780686481316,0.10995574287564275,0.03839724354387525,-0.017453292519943098,0.9803163549455268,0.9803163549455268,0.21199999377131462
0.02,0.02,-132,10,100,-0.1379449230844765,-0.053641785726499684,0.10995574287564275,0.03839724354387525,-0.017453292519943098,0.9803163549455268,0.9803163549455268,0.21199999377131462
0.02,0.02,43,18,100,-0.1383865123969474,-0.049758697308527285,0.10995574287564275,0.03839724354387525,-0.017453292519943098,0.9813095832686731,0.9813095832686731,0.21199999377131462
0.02,0.02,-153,15,100,-0.13908569547502633,-0.04309287183904531,0.10995574287564275,0.03839724354387525,-0.017453292519943098,0.9813095832686731,0.9813095832686731,0.21199999377131462
0.02,0.02,-142,13,100,-0.1399283627997378,-0.03461690563742438,0.10995574287564275,0.03839724354387525,-0.017453292519943098,0.9793231266223803,0.9793231266223803,0.21199999377131462
0.02,0.02,-150,14,100,-0.14090347401750233,-0.024583744655162956,0.10995574287564275,0.03839724354387525,-0.017453292519943098,0.9803163549455268,0.9803163549455268,0.21199999377131462
0.02,0.02,-155,10,100,-0.14188013061127222,-0.01325636462154651,0.09773843811168244,-0.0017453292519943298,-0.03490658503988686,0.9812927217859038,0.9812927217859038,0.21199999377131462
0.02,0.02,-136,8,100,-0.14280868255577997,-0.0014278181102682606,0.09773843811168244,-0.0017453292519943298,-0.03490658503988686,0.9802974959017394,0.9802974959017394,0.21199999377131462
0.02,0.02,-125,8,100,-0.14370055887781064,0.010497691205219322,0.09773843811168244,-0.0017453292519943298,-0.03490658503988686,0.9773118182492468,0.9773118182492468,0.21199999377131462
0.02,0.02,-122,7,100,-0.1445401473584678,0.022416553359601812,0.09773843811168244,-0.0017453292519943298,-0.03490658503988686,0.9753213664809185,0.9753213664809185,0.21199999377131462
0.02,0.02,-117,8,100,-0.14536470394708,0.03420560393663419,0.09773843811168244,-0.0017453292519943298,-0.03490658503988686,0.9743261405967543,0.9743261405967543,0.21199999377131462
0.02,0.02,-117,8,100,-0.14617738948112802,0.04588856272352043,0.09773843811168244,-0.0017453292519943298,-0.03490658503988686,0.9713404629442617,0.9713404629442617,0.21199999377131462
0.02,0.02,-127,8,100,-0.14698037554354554,0.05772214841480426,0.09773843811168244,-0.0017453292519943298,-0.03490658503988686,0.9673595594076049,0.9673595594076049,0.21199999377131462
0.02,0.02,-132,7,100,-0.14775190301325503,0.06978962422931223,0.09773843811168244,-0.0017453292519943298,-0.03490658503988686,0.9673595594076049,0.9673595594076049,0.21199999377131462
0.02,0.02,-132,7,100,-0.14849966237390375,0.08202923339082056,0.09773843811168244,-0.0017453292519943298,-0.03490658503988686,0.9663643335234406,0.9663643335234406,0.21199999377131462
0.02,0.02,-126,2,100,-0.1491088090661882,0.09425355208522153,0.09424777960769383,-0.017453292519943295,-0.03490658503988686,0.9665434359586393,0.9665434359586393,0.21199999377131462
0.02,0.02,80,0,100,-0.14956566908540156,0.10150463079947607,0.09424777960769383,-0.017453292519943295,-0.03490658503988686,0.9585801532730892,0.9585801532730892,0.21199999377131462
0.02,0.02,96,0,100,-0.14990831409981156,0.10464234746731156,0.09424777960769383,-0.017453292519943295,-0.03490658503988686,0.9585801532730892,0.9585801532730892,0.21199999377131462
0.02,0.02,91,0,100,-0.15016529786061908,0.10464234746731156,0.09424777960769383,-0.017453292519943295,-0.03490658503988686,0.9575847429373955,0.9575847429373955,0.21199999377131462
0.02,0.02,91,0,100,-0.15016529786061908,0.10246157761861528,0.09424777960769383,-0.017453292519943295,-0.03490658503988686,0.9585801532730892,0.9585801532730892,0.21199999377131462
0.02,0.02,146,-34,100,-0.14935050473033695,0.0973271826726463,0.09424777960769383,-0.017453292519943295,-0.03490658503988686,0.9585801532730892,0.9585801532730892,0.21199999377131462
0.02,0.02,138,-42,100,-0.14773603626424606,0.09017958743135183,0.09424777960769383,-0.017453292519943295,-0.03490658503988686,0.9555939222660079,0.9555939222660079,0.21199999377131462
0.02,0.02,131,11,100,-0.14678824698114334,0.08168606093611042,0.09424777960769383,-0.017453292519943295,-0.03490658503988686,0.9565893326017016,0.9565893326017016,0.21199999377131462
0.02,0.02,146,13,100,-0.14638834304814818,0.07182384281218293,0.12042771838760873,-0.024434609527920613,-0.034906585039887084,0.9567323979442234,0.9567323979442234,0.21199999377131462
0.02,0.02,111,10,100,-0.14638834304814818,0.0617722468149421,0.12042771838760873,-0.024434609527920613,-0.034906585039887084,0.9567323979442234,0.9567323979442234,0.21199999377131462
0.02,0.02,97,4,100,-0.14638834304814818,0.051906253598267435,0.12042771838760873,-0.024434609527920613,-0.034906585039887084,0.9597097809253777,0.9597097809253777,0.21199999377131462
0.02,0.02,97,4,100,-0.14638834304814818,0.04217705574910763,0.12042771838760873,-0.024434609527920613,-0.034906585039887084,0.9607022419190957,0.9607022419190957,0.21199999377131462
0.02,0.02,92,-1,100,-0.14638834304814818,0.032670542205823855,0.12042771838760873,-0.024434609527920613,-0.034906585039887084,0.9607022419190957,0.9607022419190957,0.21199999377131462
0.02,0.02,90,-4,100,-0.14638834304814818,0.023379077004043056,0.12042771838760873,-0.024434609527920613,-0.034906585039887084,0.9607022419190957,0.9607022419190957,0.21199999377131462
0.02,0.02,99,1,100,-0.14638834304814818,0.014036446517650944,0.11868238913561441,0.0,0.0,0.9592046808309147,0.9592046808309147,0.18799999728798866
0.02,0.02,121,1,100,-0.14638834304814818,0.004127879493343345,0.11868238913561441,0.0,0.0,0.9592046808309147,0.9592046808309147,0.18799999728798866
0.02,0.02,143,4,100,-0.14638834304814818,-0.00675045176731528,0.11868238913561441,0.0,0.0,0.9641695083714473,0.9641695083714473,0.18799999728798866
0.02,0.02,141,4,100,-0.14638834304814818,-0.0183078977298186,0.11868238913561441,0.0,0.0,0.9641695083714473,0.9641695083714473,0.18799999728798866
0.02,0.02,132,6,100,-0.14638834304814818,-0.03015774157932187,0.11868238913561441,0.0,0.0,0.9641695083714473,0.9641695083714473,0.18799999728798866
0.02,0.02,132,6,100,-0.14638834304814818,-0.042226883844075094,0.11868238913561441,0.0,0.0,0.9641695083714473,0.9641695083714473,0.18799999728798866
0.02,0.02,136,8,100,-0.14638834304814818,-0.05455691687110294,0.11868238913561441,0.0,0.0,0.9641695083714473,0.9641695083714473,0.18799999728798866
0.02,0.02,133,7,100,-0.14638834304814818,-0.0670169084773378,0.11868238913561441,0.0,0.0,0.9661554393876605,0.9661554393876605,0.18799999728798866
0.02,0.02,143,1,100,-0.14638834304814818,-0.07981235802613335,0.11868238913561441,0.0,0.0,0.9651624738795539,0.9651624738795539,0.18799999728798866
0.02,0.02,143,1,100,-0.14638834304814818,-0.0928594010318494,0.11868238913561441,0.0,0.0,0.9651624738795539,0.9651624738795539,0.18799999728798866
0.02,0.02,139,0,100,-0.14638834304814818,-0.10599517232772723,0.11868238913561441,0.0,0.0,0.9641695083714473,0.9641695083714473,0.18799999728798866
0.02,0.02,156,-7,100,-0.14638834304814818,-0.11961896553188474,0.09948376736367681,0.006981317007977306,0.052359877559830625,0.9671704441664442,0.9671704441664442,0.18799999728798866
0.02,0.02,156,-7,100,-0.14638834304814818,-0.13360101392294696,0.09948376736367681,0.006981317007977306,0.052359877559830625,0.9651803815241264,0.9651803815241264,0.18799999728798866
0.02,0.02,132,-8,100,-0.14638834304814818,-0.14727264547527325,0.09948376736367681,0.006981317007977306,0.052359877559830625,0.9651803815241264,0.9651803815241264,0.18799999728798866
0.02,0.02,152,-11,100,-0.14612319207684238,-0.16119027347028922,0.09948376736367681,0.006981317007977306,0.052359877559830625,0.9641853502029675,0.9641853502029675,0.18799999728798866
0.02,0.02,137,-6,100,-0.14578029806462528,-0.17491719736189648,0.09948376736367681,0.006981317007977306,0.052359877559830625,0.960205224918332,0.960205224918332,0.18799999728798866
0.02,0.02,159,-3,100,-0.14545081365419724,-0.18904502704765874,0.09948376736367681,0.006981317007977306,0.052359877559830625,0.9641853502029675,0.9641853502029675,0.18799999728798866
0.02,0.02,159,-3,100,-0.14513161032715824,-0.20346167033053242,0.09948376736367681,0.006981317007977306,0.052359877559830625,0.9612002562394908,0.9612002562394908,0.18799999728798866
0.02,0.02,134,-6,100,-0.14474802779344306,-0.21749417365108997,0.09948376736367681,0.006981317007977306,0.052359877559830625,0.9612002562394908,0.9612002562394908,0.18799999728798866
0.02,0.02,135,0,100,-0.14446034089315668,-0.23126931846773424,0.09948376736367681,0.006981317007977306,0.052359877559830625,0.9631903188818087,0.9631903188818087,0.18799999728798866
0.02,0.02,124,0,100,-0.1442445757179419,-0.24458039787455987,0.09948376736367681,0.006981317007977306,0.052359877559830625,0.9612002562394908,0.9612002562394908,0.18799999728798866
0.02,0.02,96,8,100,-0.1442445757179419,-0.25686819996948307,0.09948376736367681,0.006981317007977306,0.052359877559830625,0.960205224918332,0.960205224918332,0.18799999728798866
0.02,0.02,101,8,100,-0.1442445757179419,-0.26850560439422155,0.09075712110370515,-0.003490658503988662,0.0872664625997166,0.9590308330875585,0.9590308330875585,0.18799999728798866
0.02,0.02,114,29,100,-0.1449413170955108,-0.27997257209356363,0.09075712110370515,-0.003490658503988662,0.0872664625997166,0.9610225897502533,0.9610225897502533,0.18799999728798866
0.02,0.02,115,20,100,-0.14594388648439696,-0.2913328746633996,0.09075712110370515,-0.003490658503988662,0.0872664625997166,0.9600267114189059,0.9600267114189059,0.18799999728798866
0.02,0.02,115,56,100,-0.14803985092204805,-0.30261317838610585,0.09075712110370515,-0.003490658503988662,0.0872664625997166,0.9600267114189059,0.9600267114189059,0.18799999728798866
0.02,0.02,165,56,100,-0.15095446741660895,-0.31502940836462173,0.09075712110370515,-0.003490658503988662,0.0872664625997166,0.9590308330875585,0.9590308330875585,0.18799999728798866
0.02,0.02,150,66,100,-0.15472118746287736,-0.3279342119288445,0.09075712110370515,-0.003490658503988662,0.0872664625997166,0.958034954756211,0.958034954756211,0.18799999728798866
0.02,0.02,154,65,100,-0.1591030342990575,-0.34130124917782295,0.09075712110370515,-0.003490658503988662,0.0872664625997166,0.958034954756211,0.958034954756211,0.18799999728798866
0.02,0.02,146,61,100,-0.16385346016110647,-0.3548306246112358,0.09075712110370515,-0.003490658503988662,0.0872664625997166,0.9600267114189059,0.9600267114189059,0.18799999728798866
0.02,0.02,157,59,100,-0.16883231895698605,-0.36874576102861467,0.09075712110370515,-0.003490658503988662,0.0872664625997166,0.9600267114189059,0.9600267114189059,0.18799999728798866
0.02,0.02,51,8,100,-0.1727586675718458,-0.3804074171435804,0.09075712110370515,-0.003490658503988662,0.0872664625997166,0.9610225897502533,0.9610225897502533,0.18799999728798866
0.02,0.02,51,8,100,-0.17589563355094065,-0.39037896303173625,0.09075712110370515,-0.003490658503988662,0.0872664625997166,0.9610225897502533,0.9610225897502533,0.18799999728798866
0.02,0.02,57,-5,100,-0.178128230211543,-0.3992270796382473,0.09075712110370515,-0.003490658503988662,0.0872664625997166,0.9610225897502533,0.9610225897502533,0.18799999728798866
0.02,0.02,57,-5,100,-0.17968253303334247,-0.40723281637276687,0.0767944870877505,0.0017453292519943298,0.06981317007977306,0.9611573892184735,0.9611573892184735,0.18799999728798866
0.02,0.02,80,2,100,-0.18089631801915299,-0.4151594337020935,0.0767944870877505,0.0017453292519943298,0.06981317007977306,0.9611573892184735,0.9611573892184735,0.18799999728798866
0.02,0.02,129,66,100,-0.18339256645072136,-0.42420412927931805,0.0767944870877505,0.0017453292519943298,0.06981317007977306,0.9611573892184735,0.9611573892184735,0.18799999728798866
0.02,0.02,119,62,100,-0.18675300129827416,-0.43384412796774136,0.0767944870877505,0.0017453292519943298,0.06981317007977306,0.9601603379848443,0.9601603379848443,0.18799999728798866
0.02,0.02,200,69,100,-0.1909244442768286,-0.44585997290547863,0.0767944870877505,0.0017453292519943298,0.06981317007977306,0.9571691842839569,0.9571691842839569,0.18799999728798866
0.02,0.02,200,69,100,-0.19570414335363423,-0.4596577025302014,0.0767944870877505,0.0017453292519943298,0.06981317007977306,0.9571691842839569,0.9571691842839569,0.18799999728798866
0.02,0.02,147,29,100,-0.19998286531984433,-0.47352359650098697,0.0767944870877505,0.0017453292519943298,0.06981317007977306,0.9571691842839569,0.9571691842839569,0.18799999728798866
0.02,0.02,165,65,100,-0.20474892692721797,-0.4878754527005862,0.0767944870877505,0.0017453292519943298,0.06981317007977306,0.9581662355175861,0.9581662355175861,0.18799999728798866
0.02,0.02,198,76,100,-0.21014020018554383,-0.5033723969088847,0.0767944870877505,0.0017453292519943298,0.06981317007977306,0.9561721330503278,0.9561721330503278,0.18799999728798866
0.02,0.02,130,51,100,-0.21540150335860453,-0.5180994240810128,0.0767944870877505,0.0017453292519943298,0.06981317007977306,0.9551750818166986,0.9551750818166986,0.18799999728798866
0.02,0.02,130,51,100,-0.2205627864870706,-0.5322425326429947,0.0767944870877505,0.0017453292519943298,0.06981317007977306,0.9531809793494405,0.9531809793494405,0.18799999728798866
0.02,0.02,43,16,100,-0.22481395259281478,-0.5438716616678542,0.08377580409572781,0.017453292519943295,0.0523598775598304,0.9505093984866398,0.9505093984866398,0.18799999728798866
0.02,0.02,62,8,100,-0.22819222978360254,-0.5540652536754658,0.08377580409572781,0.017453292519943295,0.0523598775598304,0.9495130573980793,0.9495130573980793,0.16899999231100082
0.02,0.02,55,12,100,-0.23101079159391277,-0.5630160281350969,0.08377580409572781,0.017453292519943295,0.0523598775598304,0.9495130573980793,0.9495130573980793,0.16899999231100082
0.02,0.02,46,4,100,-0.23321916608684098,-0.5708153200345688,0.08377580409572781,0.017453292519943295,0.0523598775598304,0.9445313519552773,0.9445313519552773,0.16899999231100082
0.02,0.02,78,-6,100,-0.23473466396072357,-0.5784949679047494,0.08377580409572781,0.017453292519943295,0.0523598775598304,0.9385533054239148,0.9385533054239148,0.16899999231100082
0.02,0.02,27,-13,100,-0.23556787659614165,-0.5848848646373721,0.08377580409572781,0.017453292519943295,0.0523598775598304,0.9335715999811128,0.9335715999811128,0.16899999231100082
0.02,0.02,-196,-1,100,-0.23617032138266236,-0.5852742079384418,0.12566370614359174,-0.0244346095279206,0.05235987755983018,0.8985876017137348,0.8985876017137348,0.18200000748038292
0.02,0.02,-148,23,100,-0.23713485077389493,-0.5822671293882171,0.12566370614359174,-0.0244346095279206,0.05235987755983018,0.8916448718991694,0.8916448718991694,0.18200000748038292
0.02,0.02,145,78,100,-0.23959308722519745,-0.5832368424517324,0.12566370614359174,-0.0244346095279206,0.05235987755983018,0.8896612348092936,0.8896612348092936,0.18200000748038292
0.02,0.02,145,78,100,-0.24316966992538985,-0.587185553883327,0.12566370614359174,-0.0244346095279206,0.05235987755983018,0.8886694162643558,0.8886694162643558,0.18200000748038292
0.02,0.02,-144,26,100,-0.246429742071106,-0.5869478775584713,0.12566370614359174,-0.0244346095279206,0.05235987755983018,0.8886694162643558,0.8886694162643558,0.18200000748038292
0.02,0.02,-170,4,100,-0.24896336557645604,-0.583005420982154,0.12566370614359174,-0.0244346095279206,0.05235987755983018,0.8856939606295421,0.8856939606295421,0.18200000748038292
0.02,0.02,-226,-67,100,-0.2493800458214141,-0.5750444076723591,0.12566370614359174,-0.0244346095279206,0.05235987755983018,0.8856939606295421,0.8856939606295421,0.18200000748038292
0.02,0.02,-228,-72,100,-0.248099943163251,-0.5640303736907211,0.13439035240356334,0.01919862177193763,0.034906585039886195,0.8847849121564628,0.8847849121564628,0.1769999973475933
0.02,0.02,-207,-76,100,-0.2454625398787108,-0.5512013410700188,0.13439035240356334,0.01919862177193763,0.034906585039886195,0.8828033110094159,0.8828033110094159,0.1769999973475933
0.02,0.02,-207,-76,100,-0.24181092616656716,-0.5370213142559545,0.13439035240356334,0.01919862177193763,0.034906585039886195,0.880821709862369,0.880821709862369,0.1769999973475933
0.02,0.02,-167,-58,100,-0.23779502440315897,-0.5227088635067307,0.13439035240356334,0.01919862177193763,0.034906585039886195,0.880821709862369,0.880821709862369,0.1769999973475933
0.02,0.02,-156,-68,100,-0.2332873855348118,-0.5085431848985864,0.13439035240356334,0.01919862177193763,0.034906585039886195,0.8798309092888456,0.8798309092888456,0.1769999973475933
0.02,0.02,-89,-51,100,-0.2287899250571331,-0.4959701202944149,0.13439035240356334,0.01919862177193763,0.034906585039886195,0.8758677069947516,0.8758677069947516,0.1769999973475933
0.02,0.02,-89,-51,100,-0.22430388818464952,-0.4845981297870512,0.13439035240356334,0.01919862177193763,0.034906585039886195,0.8728953052741811,0.8728953052741811,0.1769999973475933
0.02,0.02,-97,-65,100,-0.21952895591387617,-0.4739643792481925,0.13439035240356334,0.01919862177193763,0.034906585039886195,0.8679413024065638,0.8679413024065638,0.1769999973475933
0.02,0.02,-79,-70,100,-0.21442885943158466,-0.46427488227179553,0.13439035240356334,0.01919862177193763,0.034906585039886195,0.8679413024065638,0.8679413024065638,0.1769999973475933
0.02,0.02,-75,-63,100,-0.2092477030948988,-0.455393373855013,0.13439035240356334,0.01919862177193763,0.034906585039886195,0.8610056983918993,0.8610056983918993,0.1769999973475933
0.02,0.02,-68,-65,100,-0.2039739719390214,-0.44728032338198476,0.13439035240356334,0.01919862177193763,0.034906585039886195,0.8540700943772351,0.8540700943772351,0.1769999973475933
0.02,0.02,-50,-63,100,-0.1986797552170824,-0.4401329019121097,0.13439035240356334,0.01919862177193763,0.034906585039886195,0.8501068920831412,0.8501068920831412,0.1769999973475933
0.02,0.02,-66,-68,100,-0.19327489843766008,-0.43338032375520497,0.12217304763960309,-0.00698131700797732,0.06981317007977328,0.8436436693929819,0.8436436693929819,0.16499999910593033
0.02,0.02,-75,-76,100,-0.18764096238202568,-0.42675639000160437,0.12217304763960309,-0.00698131700797732,0.06981317007977328,0.8317334058250808,0.8317334058250808,0.16499999910593033
0.02,0.02,-75,-76,100,-0.18184653161962175,-0.42024010542257684,0.12217304763960309,-0.00698131700797732,0.06981317007977328,0.8257782740411305,0.8257782740411305,0.16499999910593033
0.02,0.02,-78,-79,100,-0.17586979645658757,-0.41374262435392595,0.12217304763960309,-0.00698131700797732,0.06981317007977328,0.8257782740411305,0.8257782740411305,0.16499999910593033
0.02,0.02,-68,-66,100,-0.1700410875445499,-0.40748256335995575,0.12217304763960309,-0.00698131700797732,0.06981317007977328,0.8158530544012129,0.8158530544012129,0.16499999910593033
0.02,0.02,-57,-60,100,-0.1644651304572177,-0.4016433134813393,0.12217304763960309,-0.00698131700797732,0.06981317007977328,0.8029502688693204,0.8029502688693204,0.16499999910593033
0.02,0.02,-43,-14,100,-0.16000595125717565,-0.39641244110556667,0.12217304763960309,-0.00698131700797732,0.06981317007977328,0.7920325272654112,0.7920325272654112,0.16499999910593033
0.02,0.02,-43,-67,100,-0.1553498746425817,-0.3916474545069285,0.12217304763960309,-0.00698131700797732,0.06981317007977328,0.7830998295894855,0.7830998295894855,0.16499999910593033
0.02,0.02,-28,-67,100,-0.15057272455570886,-0.3875366609232339,0.12217304763960309,-0.00698131700797732,0.06981317007977328,0.7672194781656176,0.7672194781656176,0.16499999910593033
0.02,0.02,-9,-65,100,-0.14576087166864143,-0.3842833978447366,0.12217304763960309,-0.00698131700797732,0.06981317007977328,0.7563017365617084,0.7563017365617084,0.16499999910593033
0.02,0.02,-3,-32,100,-0.1415469406140915,-0.38178672790562146,0.12217304763960309,-0.00698131700797732,0.06981317007977328,0.7563017365617084,0.7563017365617084,0.16499999910593033
0.02,0.02,1,-19,100,-0.1380412235867887,-0.37993239749004254,0.07853981633974484,-0.07155849933176749,0.12217304763960235,0.7268815502955024,0.7268815502955024,0.16499999910593033
0.02,0.02,5,-13,100,-0.13517569931246554,-0.37863250987214525,0.07853981633974484,-0.07155849933176749,0.12217304763960235,0.7268815502955024,0.7268815502955024,0.16499999910593033
0.02,0.02,12,-11,100,-0.1328318592427726,-0.37786999073757743,0.07853981633974484,-0.07155849933176749,0.12217304763960235,0.7079885961838546,0.7079885961838546,0.16499999910593033
0.02,0.02,4,-4,100,-0.13100676004850567,-0.3773653205286488,0.07853981633974484,-0.07155849933176749,0.12217304763960235,0.6721914199723115,0.6721914199723115,0.16499999910593033
0.02,0.02,7,-8,100,-0.12950707708643217,-0.377101319117529,0.07853981633974484,-0.07155849933176749,0.12217304763960235,0.6542928318665399,0.6542928318665399,0.16499999910593033
0.02,0.02,7,-8,100,-0.1282550360161249,-0.377101319117529,0.07853981633974484,-0.07155849933176749,0.12217304763960235,0.6363942437607683,0.6363942437607683,0.16499999910593033
0.02,0.02,7,-34,100,-0.1267750701061978,-0.377101319117529,0.07853981633974484,-0.07155849933176749,0.12217304763960235,0.6363942437607683,0.6363942437607683,0.16499999910593033
0.02,0.02,-6,-12,100,-0.12548103852606476,-0.377101319117529,0.07853981633974484,-0.07155849933176749,0.12217304763960235,0.6135238256256156,0.6135238256256156,0.16499999910593033
0.02,0.02,-37,4,100,-0.12457017680131757,-0.3765494459842677,0.07853981633974484,-0.07155849933176749,0.12217304763960235,0.5966196035257202,0.5966196035257202,0.16499999910593033
0.02,0.02,-10,-14,100,-0.12368587026476842,-0.3759918552464726,0.07853981633974484,-0.07155849933176749,0.12217304763960235,0.5747435513964437,0.5747435513964437,0.16499999910593033
0.02,0.02,-32,-5,100,-0.1229535442945408,-0.3751314473591055,-0.006981317007977317,-0.0663225115757845,0.15707963267948988,0.5527685425260579,0.5527685425260579,0.16499999910593033
0.02,0.02,-32,-5,100,-0.12233694985907134,-0.37405510171366807,-0.006981317007977317,-0.0663225115757845,0.15707963267948988,0.5387996623900203,0.5387996623900203,0.16499999910593033
0.02,0.02,-28,-6,100,-0.12179727608086001,-0.37288744537208024,-0.006981317007977317,-0.0663225115757845,0.15707963267948988,0.5148530107282416,0.5148530107282416,0.16499999910593033
0.02,0.02,-41,-6,100,-0.12131529279559226,-0.3714839787798929,-0.006981317007977317,-0.0663225115757845,0.15707963267948988,0.5148530107282416,0.5148530107282416,0.16499999910593033
0.02,0.02,-17,-17,100,-0.12074347390787883,-0.3702210474119898,-0.006981317007977317,-0.0663225115757845,0.15707963267948988,0.49489746767675935,0.49489746767675935,0.16499999910593033
0.02,0.02,-17,-17,100,-0.12011148725825849,-0.3690707264022272,-0.006981317007977317,-0.0663225115757845,0.15707963267948988,0.47793525608299947,0.47793525608299947,0.16499999910593033
0.02,0.02,-17,-17,100,-0.11944497616945406,-0.3680154645433161,-0.006981317007977317,-0.0663225115757845,0.15707963267948988,0.4529908272686467,0.4529908272686467,0.16499999910593033
0.02,0.02,-22,-66,100,-0.11822399930468543,-0.3669836536330776,-0.006981317007977317,-0.0663225115757845,0.15707963267948988,0.4370263928274609,0.4370263928274609,0.16499999910593033
0.02,0.02,-3,-54,100,-0.11671828102579188,-0.3661770184709367,-0.006981317007977317,-0.0663225115757845,0.15707963267948988,0.4370263928274609,0.4370263928274609,0.16499999910593033
0.02,0.02,8,-24,100,-0.11533934847304766,-0.36565525671385574,-0.006981317007977317,-0.0663225115757845,0.15707963267948988,0.4160730726234045,0.4160730726234045,0.16499999910593033
0.02,0.02,10,-5,100,-0.1142557590894371,-0.3653627153341498,-0.006981317007977317,-0.0663225115757845,0.15707963267948988,0.3951197524193482,0.3951197524193482,0.16499999910593033
0.02,0.02,11,-8,100,-0.11336763509899456,-0.3653627153341498,-0.006981317007977317,-0.0663225115757845,0.15707963267948988,0.37715976367301424,0.37715976367301424,0.16499999910593033
0.02,0.02,11,-8,100,-0.11263067375759313,-0.3653627153341498,-0.08552113334772214,-0.0872664625997165,0.15707963267948988,0.35434174284764897,0.35434174284764897,0.142000000923872
0.02,0.02,11,-8,100,-0.11201026057545743,-0.3653627153341498,-0.08552113334772214,-0.0872664625997165,0.15707963267948988,0.3384608804231045,0.3384608804231045,0.142000000923872
0.02,0.02,-10,-11,100,-0.11145787889784359,-0.3653627153341498,-0.08552113334772214,-0.0872664625997165,0.15707963267948988,0.3166246945893558,0.3166246945893558,0.142000000923872
0.02,0.02,-78,13,100,-0.11114165696510477,-0.36477432938132043,-0.08552113334772214,-0.0872664625997165,0.15707963267948988,0.30173638606634534,0.30173638606634534,0.142000000923872
0.02,0.02,-60,39,100,-0.11114165696510477,-0.3638804353375989,-0.08552113334772214,-0.0872664625997165,0.15707963267948988,0.30173638606634534,0.30173638606634534,0.142000000923872
0.02,0.02,-233,-87,100,-0.11082435314826175,-0.3623602241229178,-0.11519173063162572,-0.043633231299858216,0.17453292519943275,0.14588681234161635,0.14588681234161635,0.14100000262260437
0.02,0.02,-233,-87,100,-0.1102971323505481,-0.3604454265869189,-0.11519173063162572,-0.043633231299858216,0.17453292519943275,0.13298525750868434,0.13298525750868434,0.14100000262260437
0.02,0.02,-236,-135,100,-0.10947633760301166,-0.3582657026628954,-0.11519173063162572,-0.043633231299858216,0.17453292519943275,0.12603826644479785,0.12603826644479785,0.14100000262260437
0.02,0.02,-236,-135,100,-0.10846550737218894,-0.35593998183720954,-0.11519173063162572,-0.043633231299858216,0.17453292519943275,0.11710642079122947,0.11710642079122947,0.14100000262260437
0.02,0.02,-186,-126,100,-0.10734006417584431,-0.3536534561598473,-0.07679448708775052,0.027925268031909267,0.12217304763960257,0.11660968991351789,0.11660968991351789,0.11900000274181366
0.02,0.02,-141,-135,100,-0.1061158790393485,-0.35154156570751105,-0.07679448708775052,0.027925268031909267,0.12217304763960257,0.11262303384809846,0.11262303384809846,0.11900000274181366
0.02,0.02,-141,-135,100,-0.10483781989407051,-0.3495817311178902,-0.07679448708775052,0.027925268031909267,0.12217304763960257,0.10664304974996934,0.10664304974996934,0.11900000274181366
0.02,0.02,-152,-138,100,-0.10351135701347462,-0.3477066115866247,-0.07679448708775052,0.027925268031909267,0.12217304763960257,0.10664304974996934,0.10664304974996934,0.11900000274181366
0.02,0.02,-141,-133,100,-0.10216854952831782,-0.34593138166912224,-0.07679448708775052,0.027925268031909267,0.12217304763960257,0.10464972171725963,0.10464972171725963,0.11900000274181366
0.02,0.02,-107,-127,100,-0.10083550986450177,-0.3443253533778892,-0.07679448708775052,0.027925268031909267,0.12217304763960257,0.10265639368454993,0.10265639368454993,0.11900000274181366
0.02,0.02,-107,-120,100,-0.09953075092763514,-0.342848892382602,-0.07679448708775052,0.027925268031909267,0.12217304763960257,0.10165972966819507,0.10165972966819507,0.11900000274181366
0.02,0.02,-86,-120,100,-0.09825916250417684,-0.34153154952789067,-0.07679448708775052,0.027925268031909267,0.12217304763960257,0.09767307360277566,0.09767307360277566,0.11900000274181366
0.02,0.02,-95,-123,100,-0.09700512648525458,-0.34031156883705055,-0.07679448708775052,0.027925268031909267,0.12217304763960257,0.09767307360277566,0.09767307360277566,0.11900000274181366
0.02,0.02,-117,-141,100,-0.09572030188661311,-0.33911088957863234,-0.07679448708775052,0.027925268031909267,0.12217304763960257,0.09767307360277566,0.09767307360277566,0.11900000274181366
0.02,0.02,-76,-135,100,-0.09443040055527784,-0.3380266949566045,-0.07679448708775052,0.027925268031909267,0.12217304763960257,0.09667640958642082,0.09667640958642082,0.11900000274181366
0.02,0.02,43,-96,100,-0.09323095117376896,-0.337317476130389,-0.07679448708775052,0.027925268031909267,0.12217304763960257,0.09667640958642082,0.09667640958642082,0.11900000274181366
0.02,0.02,43,-96,100,-0.09209694876099066,-0.33689056056485034,-0.07679448708775052,0.027925268031909267,0.12217304763960257,0.09767307360277566,0.09767307360277566,0.11900000274181366
0.02,0.02,-3,-87,100,-0.09104265675127375,-0.33656334664241594,-0.08028514559173917,-0.003490658503988655,0.08726646259971638,0.09369664373939196,0.09369664373939196,0.11699999682605267
0.02,0.02,17,-83,100,-0.09005544890465492,-0.3363581809026218,-0.08028514559173917,-0.003490658503988655,0.08726646259971638,0.09469341654513017,0.09469341654513017,0.11699999682605267
0.02,0.02,10,-79,100,-0.08912802352201417,-0.3363581809026218,-0.08028514559173917,-0.003490658503988655,0.08726646259971638,0.09469341654513017,0.09469341654513017,0.11699999682605267
0.02,0.02,10,-76,100,-0.08825632473025966,-0.3363581809026218,-0.08028514559173917,-0.003490658503988655,0.08726646259971638,0.09269987093365374,0.09269987093365374,0.11699999682605267
0.02,0.02,0,-72,100,-0.0874356908687632,-0.3363581809026218,-0.08028514559173917,-0.003490658503988655,0.08726646259971638,0.09269987093365374,0.09269987093365374,0.11699999682605267
0.02,0.02,0,-72,100,-0.0866551498960106,-0.3363581809026218,-0.08028514559173917,-0.003490658503988655,0.08726646259971638,0.09170309812791554,0.09170309812791554,0.11699999682605267
0.02,0.02,-9,-55,100,-0.08594365240652027,-0.3363581809026218,-0.08028514559173917,-0.003490658503988655,0.08726646259971638,0.09170309812791554,0.09170309812791554,0.11699999682605267
0.02,0.02,1,-24,100,-0.08535500743052578,-0.3363581809026218,-0.08028514559173917,-0.003490658503988655,0.08726646259971638,0.09170309812791554,0.09170309812791554,0.11699999682605267
0.02,0.02,-18,-20,100,-0.08486966569507742,-0.3363581809026218,-0.08028514559173917,-0.003490658503988655,0.08726646259971638,0.08771600690496267,0.08771600690496267,0.11699999682605267
0.02,0.02,-98,-41,100,-0.08441472879428769,-0.3361408345923306,-0.08028514559173917,-0.003490658503988655,0.08726646259971638,0.08871277971070088,0.08871277971070088,0.11699999682605267
0.02,0.02,-98,-41,100,-0.0839836172116178,-0.33576292064269503,-0.08028514559173917,-0.003490658503988655,0.08726646259971638,0.08771600690496267,0.08771600690496267,0.11699999682605267
0.02,0.02,-78,-13,100,-0.08363177582237127,-0.3353084389670037,-0.08028514559173917,-0.003490658503988655,0.08726646259971638,0.08771600690496267,0.08771600690496267,0.11699999682605267
0.02,0.02,-85,-9,100,-0.08334836345622229,-0.33478311520376886,-0.05061454830783557,-0.043633231299858244,0.0523598775598304,0.08680588539591866,0.08680588539591866,0.11699999682605267
0.02,0.02,-17,-28,100,-0.08307504006183342,-0.3343522298800495,-0.05061454830783557,-0.043633231299858244,0.0523598775598304,0.08680588539591866,0.08680588539591866,0.11699999682605267
0.02,0.02,-11,-16,100,-0.0828353251618834,-0.33400519426877606,-0.05061454830783557,-0.043633231299858244,0.0523598775598304,0.08680588539591866,0.08680588539591866,0.11699999682605267
0.02,0.02,-1,-11,100,-0.08263139298201765,-0.33374272246896614,-0.05061454830783557,-0.043633231299858244,0.0523598775598304,0.08780365419357289,0.08780365419357289,0.11699999682605267
0.02,0.02,-9,-19,100,-0.08263139298201765,-0.3335263372948946,-0.05061454830783557,-0.043633231299858244,0.0523598775598304,0.08680588539591866,0.08680588539591866,0.11699999682605267
0.02,0.02,-9,-19,100,-0.08263139298201765,-0.3335263372948946,-0.05061454830783557,-0.043633231299858244,0.0523598775598304,0.08979919178888136,0.08979919178888136,0.11699999682605267
0.02,0.02,-8,-8,100,-0.08263139298201765,-0.3335263372948946,-0.05061454830783557,-0.043633231299858244,0.0523598775598304,0.08880142299122713,0.08880142299122713,0.11699999682605267
0.02,0.02,-16,-4,100,-0.08263139298201765,-0.3335263372948946,-0.05061454830783557,-0.043633231299858244,0.0523598775598304,0.08880142299122713,0.08880142299122713,0.11699999682605267
0.02,0.02,-3,6,100,-0.08263139298201765,-0.3335263372948946,-0.05061454830783557,-0.043633231299858244,0.0523598775598304,0.08880142299122713,0.08880142299122713,0.11699999682605267
0.02,0.02,2,18,100,-0.08263139298201765,-0.3335263372948946,-0.05061454830783557,-0.043633231299858244,0.0523598775598304,0.08780365419357289,0.08780365419357289,0.11699999682605267
0.02,0.02,0,6,100,-0.08263139298201765,-0.3335263372948946,-0.05061454830783557,-0.043633231299858244,0.0523598775598304,0.08580811659826441,0.08580811659826441,0.11699999682605267
0.02,0.02,0,6,100,-0.08263139298201765,-0.3335263372948946,-0.05061454830783557,-0.043633231299858244,0.0523598775598304,0.08680588539591866,0.08680588539591866,0.11699999682605267
0.02,0.02,0,13,100,-0.08263139298201765,-0.3335263372948946,-0.029670597283903605,-0.054105206811824215,0.0523598775598304,0.08683445418283489,0.08683445418283489,0.11699999682605267
0.02,0.02,0,13,100,-0.08263139298201765,-0.3335263372948946,-0.029670597283903605,-0.054105206811824215,0.0523598775598304,0.08783255135735024,0.08783255135735024,0.11699999682605267
0.02,0.02,-10,-14,100,-0.08263139298201765,-0.3335263372948946,-0.029670597283903605,-0.054105206811824215,0.0523598775598304,0.08783255135735024,0.08783255135735024,0.11699999682605267
0.02,0.02,-8,-14,100,-0.08263139298201765,-0.3335263372948946,-0.029670597283903605,-0.054105206811824215,0.0523598775598304,0.08883064853186559,0.08883064853186559,0.11699999682605267
0.02,0.02,-10,-7,100,-0.08263139298201765,-0.3335263372948946,-0.029670597283903605,-0.054105206811824215,0.0523598775598304,0.08783255135735024,0.08783255135735024,0.11699999682605267
0.02,0.02,-13,-11,100,-0.08263139298201765,-0.3335263372948946,-0.029670597283903605,-0.054105206811824215,0.0523598775598304,0.08783255135735024,0.08783255135735024,0.11699999682605267
0.02,0.02,-13,-11,100,-0.08263139298201765,-0.3335263372948946,-0.029670597283903605,-0.054105206811824215,0.0523598775598304,0.08783255135735024,0.08783255135735024,0.11699999682605267
0.02,0.02,-6,-12,100,-0.08263139298201765,-0.3335263372948946,-0.029670597283903605,-0.054105206811824215,0.0523598775598304,0.08783255135735024,0.08783255135735024,0.11699999682605267
0.02,0.02,-8,-16,100,-0.08263139298201765,-0.3335263372948946,-0.029670597283903605,-0.054105206811824215,0.0523598775598304,0.08783255135735024,0.08783255135735024,0.11699999682605267
0.02,0.02,-8,2,100,-0.08263139298201765,-0.3335263372948946,-0.029670597283903605,-0.054105206811824215,0.0523598775598304,0.08683445418283489,0.08683445418283489,0.11699999682605267
0.02,0.02,-14,6,100,-0.08263139298201765,-0.3335263372948946,-0.029670597283903605,-0.054105206811824215,0.0523598775598304,0.08783255135735024,0.08783255135735024,0.11699999682605267
0.02,0.02,-1,0,100,-0.08263139298201765,-0.3335263372948946,-0.019198621771937624,-0.05585053606381855,0.06981317007977306,0.08684833843771408,0.08684833843771408,0.11699999682605267
0.02,0.02,1,0,100,-0.08263139298201765,-0.3335263372948946,-0.019198621771937624,-0.05585053606381855,0.06981317007977306,0.08784659520136597,0.08784659520136597,0.11699999682605267
0.02,0.02,2,-3,100,-0.08263139298201765,-0.3335263372948946,-0.019198621771937624,-0.05585053606381855,0.06981317007977306,0.08784659520136597,0.08784659520136597,0.11699999682605267
0.02,0.02,1,-3,100,-0.08263139298201765,-0.3335263372948946,-0.019198621771937624,-0.05585053606381855,0.06981317007977306,0.08784659520136597,0.08784659520136597,0.11699999682605267
0.02,0.02,1,-1,100,-0.08263139298201765,-0.3335263372948946,-0.019198621771937624,-0.05585053606381855,0.06981317007977306,0.08784659520136597,0.08784659520136597,0.11699999682605267
0.02,0.02,1,-1,100,-0.08263139298201765,-0.3335263372948946,-0.015707963267948963,-0.0541052068118242,0.06981317007977306,0.08786038653349959,0.08786038653349959,0.11699999682605267
0.02,0.02,0,-3,100,-0.08263139298201765,-0.3335263372948946,-0.015707963267948963,-0.0541052068118242,0.06981317007977306,0.08686197305016437,0.08686197305016437,0.11699999682605267
0.02,0.02,-3,-3,100,-0.08263139298201765,-0.3335263372948946,-0.015707963267948963,-0.0541052068118242,0.06981317007977306,0.08786038653349959,0.08786038653349959,0.11699999682605267
0.02,0.02,-3,-3,100,-0.08263139298201765,-0.3335263372948946,-0.015707963267948963,-0.0541052068118242,0.06981317007977306,0.08586355956682915,0.08586355956682915,0.11699999682605267
0.02,0.02,-3,-3,100,-0.08263139298201765,-0.3335263372948946,-0.015707963267948963,-0.0541052068118242,0.06981317007977306,0.08786038653349959,0.08786038653349959,0.11699999682605267
0.02,0.02,-3,-3,100,-0.08263139298201765,-0.3335263372948946,-0.015707963267948963,-0.0541052068118242,0.06981317007977306,0.08786038653349959,0.08786038653349959,0.11699999682605267
0.02,0.02,-3,0,100,-0.08263139298201765,-0.3335263372948946,-0.015707963267948963,-0.0541052068118242,0.06981317007977306,0.08686197305016437,0.08686197305016437,0.11699999682605267
0.02,0.02,0,0,100,-0.08263139298201765,-0.3335263372948946,-0.015707963267948963,-0.0541052068118242,0.06981317007977306,0.08586355956682915,0.08586355956682915,0.11699999682605267
0.02,0.02,0,0,100,-0.08263139298201765,-0.3335263372948946,-0.015707963267948963,-0.0541052068118242,0.06981317007977306,0.08786038653349959,0.08786038653349959,0.11699999682605267
0.02,0.02,-1,1,100,-0.08263139298201765,-0.3335263372948946,-0.015707963267948963,-0.0541052068118242,0.06981317007977306,0.08686197305016437,0.08686197305016437,0.11699999682605267
0.02,0.02,0,1,100,-0.08263139298201765,-0.3335263372948946,-0.015707963267948963,-0.0541052068118242,0.06981317007977306,0.08686197305016437,0.08686197305016437,0.11699999682605267
0.02,0.02,-3,0,100,-0.08263139298201765,-0.3335263372948946,-0.01396263401595464,-0.05585053606381854,0.06981317007977328,0.08685587929560269,0.08685587929560269,0.11699999682605267
0.02,0.02,-3,0,100,-0.08263139298201765,-0.3335263372948946,-0.01396263401595464,-0.05585053606381854,0.06981317007977328,0.08685587929560269,0.08685587929560269,0.11699999682605267
0.02,0.02,-5,0,100,-0.08263139298201765,-0.3335263372948946,-0.01396263401595464,-0.05585053606381854,0.06981317007977328,0.08785422273578203,0.08785422273578203,0.11699999682605267
0.02,0.02,-5,-3,100,-0.08263139298201765,-0.3335263372948946,-0.01396263401595464,-0.05585053606381854,0.06981317007977328,0.08785422273578203,0.08785422273578203,0.11699999682605267
0.02,0.02,0,-3,100,-0.08263139298201765,-0.3335263372948946,-0.01396263401595464,-0.05585053606381854,0.06981317007977328,0.08785422273578203,0.08785422273578203,0.11699999682605267
0.02,0.02,0,-3,100,-0.08263139298201765,-0.3335263372948946,-0.01396263401595464,-0.05585053606381854,0.06981317007977328,0.08785422273578203,0.08785422273578203,0.11699999682605267
0.02,0.02,0,-3,100,-0.08263139298201765,-0.3335263372948946,-0.01396263401595464,-0.05585053606381854,0.06981317007977328,0.08785422273578203,0.08785422273578203,0.11699999682605267
0.02,0.02,1,0,100,-0.08263139298201765,-0.3335263372948946,-0.01396263401595464,-0.05585053606381854,0.06981317007977328,0.08685587929560269,0.08685587929560269,0.11699999682605267
0.02,0.02,1,0,100,-0.08263139298201765,-0.3335263372948946,-0.01396263401595464,-0.05585053606381854,0.06981317007977328,0.08685587929560269,0.08685587929560269,0.11699999682605267
0.02,0.02,1,0,100,-0.08263139298201765,-0.3335263372948946,-0.01396263401595464,-0.05585053606381854,0.06981317007977328,0.08685587929560269,0.08685587929560269,0.11699999682605267
0.02,0.02,1,0,100,-0.08263139298201765,-0.3335263372948946,-0.01396263401595464,-0.05585053606381854,0.06981317007977328,0.08685587929560269,0.08685587929560269,0.11699999682605267
0.02,0.02,-4,0,100,-0.08263139298201765,-0.3335263372948946,-0.01396263401595464,-0.05585053606381854,0.06981317007977328,0.08685587929560269,0.08685587929560269,0.11699999682605267
0.02,0.02,-4,0,100,-0.08263139298201765,-0.3335263372948946,-0.012217304763960312,-0.055850536063818554,0.06981317007977328,0.08785623001836837,0.08785623001836837,0.11699999682605267
0.02,0.02,-1,0,100,-0.08263139298201765,-0.3335263372948946,-0.012217304763960312,-0.055850536063818554,0.06981317007977328,0.08685786376815963,0.08685786376815963,0.11699999682605267
0.02,0.02,-1,0,100,-0.08263139298201765,-0.3335263372948946,-0.012217304763960312,-0.055850536063818554,0.06981317007977328,0.08685786376815963,0.08685786376815963,0.11699999682605267
0.02,0.02,-1,0,100,-0.08263139298201765,-0.3335263372948946,-0.012217304763960312,-0.055850536063818554,0.06981317007977328,0.08785623001836837,0.08785623001836837,0.11699999682605267
0.02,0.02,-4,2,100,-0.08263139298201765,-0.3335263372948946,-0.012217304763960312,-0.055850536063818554,0.06981317007977328,0.08785623001836837,0.08785623001836837,0.11699999682605267
0.02,0.02,-3,1,100,-0.08263139298201765,-0.3335263372948946,-0.012217304763960312,-0.055850536063818554,0.06981317007977328,0.08685786376815963,0.08685786376815963,0.11699999682605267
0.02,0.02,-3,0,100,-0.08263139298201765,-0.3335263372948946,-0.012217304763960312,-0.055850536063818554,0.06981317007977328,0.08785623001836837,0.08785623001836837,0.11699999682605267
0.02,0.02,0,0,100,-0.08263139298201765,-0.3335263372948946,-0.012217304763960312,-0.055850536063818554,0.06981317007977328,0.08685786376815963,0.08685786376815963,0.11699999682605267
0.02,0.02,0,0,100,-0.08263139298201765,-0.3335263372948946,-0.012217304763960312,-0.055850536063818554,0.06981317007977328,0.08785623001836837,0.08785623001836837,0.11699999682605267
0.02,0.02,-5,-1,100,-0.08263139298201765,-0.3335263372948946,-0.012217304763960312,-0.055850536063818554,0.06981317007977328,0.08785623001836837,0.08785623001836837,0.11699999682605267
0.02,0.02,-5,-1,100,-0.08263139298201765,-0.3335263372948946,-0.012217304763960312,-0.055850536063818554,0.06981317007977328,0.08785623001836837,0.08785623001836837,0.11699999682605267
0.02,0.02,-5,-1,100,-0.08263139298201765,-0.3335263372948946,-0.012217304763960312,-0.055850536063818554,0.06981317007977328,0.08785623001836837,0.08785623001836837,0.11699999682605267
0.02,0.02,-3,0,100,-0.08263139298201765,-0.3335263372948946,-0.01047197551196597,-0.05585053606381854,0.06981317007977306,0.08785796967564163,0.08785796967564163,0.12600000016391277
0.02,0.02,-1,0,100,-0.08263139298201765,-0.3335263372948946,-0.01047197551196597,-0.05585053606381854,0.06981317007977306,0.08685958365660026,0.08685958365660026,0.12600000016391277
0.02,0.02,-1,0,100,-0.08263139298201765,-0.3335263372948946,-0.01047197551196597,-0.05585053606381854,0.06981317007977306,0.08685958365660026,0.08685958365660026,0.12600000016391277
0.02,0.02,-1,0,100,-0.08263139298201765,-0.3335263372948946,-0.01047197551196597,-0.05585053606381854,0.06981317007977306,0.08685958365660026,0.08685958365660026,0.12600000016391277
0.02,0.02,-1,0,100,-0.08263139298201765,-0.3335263372948946,-0.01047197551196597,-0.05585053606381854,0.06981317007977306,0.08685958365660026,0.08685958365660026,0.12600000016391277
0.02,0.02,-1,0,100,-0.08263139298201765,-0.3335263372948946,-0.01047197551196597,-0.05585053606381854,0.06981317007977306,0.08685958365660026,0.08685958365660026,0.12600000016391277
0.02,0.02,-1,0,100,-0.08263139298201765,-0.3335263372948946,-0.01047197551196597,-0.05585053606381854,0.06981317007977306,0.08785796967564163,0.08785796967564163,0.12600000016391277
0.02,0.02,-1,0,100,-0.08263139298201765,-0.3335263372948946,-0.01047197551196597,-0.05585053606381854,0.06981317007977306,0.08785796967564163,0.08785796967564163,0.12600000016391277
0.02,0.02,-1,0,100,-0.08263139298201765,-0.3335263372948946,-0.01047197551196597,-0.05585053606381854,0.06981317007977306,0.08785796967564163,0.08785796967564163,0.12600000016391277
0.02,0.02,-4,-1,100,-0.08263139298201765,-0.3335263372948946,-0.01047197551196597,-0.05585053606381854,0.06981317007977306,0.08785796967564163,0.08785796967564163,0.12600000016391277
0.02,0.02,-1,-1,100,-0.08263139298201765,-0.3335263372948946,-0.01047197551196597,-0.05585053606381854,0.06981317007977306,0.08785796967564163,0.08785796967564163,0.12600000016391277
0.02,0.02,0,-1,100,-0.08263139298201765,-0.3335263372948946,-0.01047197551196597,-0.05585053606381854,0.06981317007977306,0.08586119763755888,0.08586119763755888,0.13199999928474426
0.02,0.02,0,-1,100,-0.08263139298201765,-0.3335263372948946,-0.01047197551196597,-0.05585053606381854,0.06981317007977306,0.08586119763755888,0.08586119763755888,0.13199999928474426
0.02,0.02,0,0,100,-0.08263139298201765,-0.3335263372948946,-0.01047197551196597,-0.05585053606381854,0.06981317007977306,0.08586119763755888,0.08586119763755888,0.13199999928474426
0.02,0.02,1,0,100,-0.08263139298201765,-0.3335263372948946,-0.01047197551196597,-0.05585053606381854,0.06981317007977306,0.08685958365660026,0.08685958365660026,0.13199999928474426
0.02,0.02,1,0,100,-0.08263139298201765,-0.3335263372948946,-0.01047197551196597,-0.05585053606381854,0.06981317007977306,0.08785796967564163,0.08785796967564163,0.13199999928474426
0.02,0.02,-4,1,100,-0.08263139298201765,-0.3335263372948946,-0.01047197551196597,-0.05585053606381854,0.06981317007977306,0.08785796967564163,0.08785796967564163,0.13199999928474426
0.02,0.02,-3,0,100,-0.08263139298201765,-0.3335263372948946,-0.01047197551196597,-0.05585053606381854,0.06981317007977306,0.08685958365660026,0.08685958365660026,0.13199999928474426
0.02,0.02,-5,0,100,-0.08263139298201765,-0.3335263372948946,-0.01047197551196597,-0.05585053606381854,0.06981317007977306,0.08785796967564163,0.08785796967564163,0.13199999928474426
0.02,0.02,-1,0,100,-0.08263139298201765,-0.3335263372948946,-0.01047197551196597,-0.05585053606381854,0.06981317007977306,0.08685958365660026,0.08685958365660026,0.13199999928474426
0.02,0.02,-1,0,100,-0.08263139298201765,-0.3335263372948946,-0.01047197551196597,-0.05585053606381854,0.06981317007977306,0.08785796967564163,0.08785796967564163,0.13199999928474426
0.02,0.02,-1,0,100,-0.08263139298201765,-0.3335263372948946,-0.01047197551196597,-0.05585053606381854,0.06981317007977306,0.08785796967564163,0.08785796967564163,0.13199999928474426
0.02,0.02,0,0,100,-0.08263139298201765,-0.3335263372948946,-0.01047197551196597,-0.05585053606381854,0.06981317007977306,0.08785796967564163,0.08785796967564163,0.13199999928474426
0.02,0.02,0,0,100,-0.08263139298201765,-0.3335263372948946,-0.01047197551196597,-0.05585053606381854,0.06981317007977306,0.08885635569468303,0.08885635569468303,0.11699999682605267
0.02,0.02,0,0,100,-0.08263139298201765,-0.3335263372948946,-0.01047197551196597,-0.05585053606381854,0.06981317007977306,0.08586119763755888,0.08586119763755888,0.11699999682605267
0.02,0.02,0,0,100,-0.08263139298201765,-0.3335263372948946,-0.01047197551196597,-0.05585053606381854,0.06981317007977306,0.08586119763755888,0.08586119763755888,0.11699999682605267
0.02,0.02,0,0,100,-0.08263139298201765,-0.3335263372948946,-0.01047197551196597,-0.05585053606381854,0.06981317007977306,0.08785796967564163,0.08785796967564163,0.11699999682605267
0.02,0.02,0,-1,100,-0.08263139298201765,-0.3335263372948946,-0.01047197551196597,-0.05585053606381854,0.06981317007977306,0.08685958365660026,0.08685958365660026,0.11699999682605267
0.02,0.02,1,-1,100,-0.08263139298201765,-0.3335263372948946,-0.01047197551196597,-0.05585053606381854,0.06981317007977306,0.08785796967564163,0.08785796967564163,0.11699999682605267
0.02,0.02,0,-1,100,-0.08263139298201765,-0.3335263372948946,-0.01047197551196597,-0.05585053606381854,0.06981317007977306,0.08885635569468303,0.08885635569468303,0.11699999682605267
0.02,0.02,0,0,100,-0.08263139298201765,-0.3335263372948946,-0.01047197551196597,-0.05585053606381854,0.06981317007977306,0.08685958365660026,0.08685958365660026,0.11699999682605267
0.02,0.02,0,0,100,-0.08263139298201765,-0.3335263372948946,-0.01047197551196597,-0.05585053606381854,0.06981317007977306,0.08685958365660026,0.08685958365660026,0.11699999682605267
0.02,0.02,0,0,100,-0.08263139298201765,-0.3335263372948946,-0.01047197551196597,-0.05585053606381854,0.06981317007977306,0.08685958365660026,0.08685958365660026,0.11699999682605267
0.02,0.02,0,0,100,-0.08263139298201765,-0.3335263372948946,-0.01047197551196597,-0.05585053606381854,0.06981317007977306,0.08785796967564163,0.08785796967564163,0.11699999682605267
0.02,0.02,0,0,100,-0.08263139298201765,-0.3335263372948946,-0.01047197551196597,-0.05585053606381854,0.06981317007977306,0.08586119763755888,0.08586119763755888,0.11699999682605267
0.02,0.02,0,0,100,-0.08263139298201765,-0.3335263372948946,-0.01047197551196597,-0.05585053606381854,0.06981317007977306,0.08685958365660026,0.08685958365660026,0.11699999682605267
0.02,0.02,-5,0,100,-0.08263139298201765,-0.3335263372948946,-0.01047197551196597,-0.05585053606381854,0.06981317007977306,0.08785796967564163,0.08785796967564163,0.11699999682605267
0.02,0.02,-5,0,100,-0.08263139298201765,-0.3335263372948946,-0.01047197551196597,-0.05585053606381854,0.06981317007977306,0.08785796967564163,0.08785796967564163,0.11699999682605267
0.02,0.02,-5,0,100,-0.08263139298201765,-0.3335263372948946,-0.01047197551196597,-0.05585053606381854,0.06981317007977306,0.08785796967564163,0.08785796967564163,0.11699999682605267
0.02,0.02,-5,0,100,-0.08263139298201765,-0.3335263372948946,-0.01047197551196597,-0.05585053606381854,0.06981317007977306,0.08685958365660026,0.08685958365660026,0.11699999682605267
0.02,0.02,-5,0,100,-0.08263139298201765,-0.3335263372948946,-0.01047197551196597,-0.05585053606381854,0.06981317007977306,0.08885635569468303,0.08885635569468303,0.11699999682605267
0.02,0.02,0,0,100,-0.08263139298201765,-0.3335263372948946,-0.01047197551196597,-0.05585053606381854,0.06981317007977306,0.08885635569468303,0.08885635569468303,0.11699999682605267
0.02,0.02,-5,-3,100,-0.08263139298201765,-0.3335263372948946,-0.01047197551196597,-0.05585053606381854,0.06981317007977306,0.08885635569468303,0.08885635569468303,0.11699999682605267
0.02,0.02,0,0,100,-0.08263139298201765,-0.3335263372948946,-0.01047197551196597,-0.05585053606381854,0.06981317007977306,0.08685958365660026,0.08685958365660026,0.11699999682605267
0.02,0.02,-1,0,100,-0.08263139298201765,-0.3335263372948946,-0.01047197551196597,-0.05585053606381854,0.06981317007977306,0.08785796967564163,0.08785796967564163,0.11699999682605267
0.02,0.02,-1,0,100,-0.08263139298201765,-0.3335263372948946,-0.01047197551196597,-0.05585053606381854,0.06981317007977306,0.08685958365660026,0.08685958365660026,0.11699999682605267
0.02,0.02,-1,0,100,-0.08263139298201765,-0.3335263372948946,-0.01047197551196597,-0.05585053606381854,0.06981317007977306,0.08785796967564163,0.08785796967564163,0.11699999682605267
0.02,0.02,-1,0,100,-0.08263139298201765,-0.3335263372948946,-0.01047197551196597,-0.05585053606381854,0.06981317007977306,0.08785796967564163,0.08785796967564163,0.11699999682605267
0.02,0.02,-1,0,100,-0.08263139298201765,-0.3335263372948946,-0.01047197551196597,-0.05585053606381854,0.06981317007977306,0.08685958365660026,0.08685958365660026,0.11699999682605267
0.02,0.02,-1,0,100,-0.08263139298201765,-0.3335263372948946,-0.01047197551196597,-0.05585053606381854,0.06981317007977306,0.08685958365660026,0.08685958365660026,0.11699999682605267
0.02,0.02,-1,0,100,-0.08263139298201765,-0.3335263372948946,-0.01047197551196597,-0.05585053606381854,0.06981317007977306,0.08685958365660026,0.08685958365660026,0.11699999682605267
0.02,0.02,-1,0,100,-0.08263139298201765,-0.3335263372948946,-0.01047197551196597,-0.05585053606381854,0.06981317007977306,0.08586119763755888,0.08586119763755888,0.11699999682605267
0.02,0.02,0,0,100,-0.08263139298201765,-0.3335263372948946,-0.01047197551196597,-0.05585053606381854,0.06981317007977306,0.08685958365660026,0.08685958365660026,0.11699999682605267
0.02,0.02,0,0,100,-0.08263139298201765,-0.3335263372948946,-0.01047197551196597,-0.05585053606381854,0.06981317007977306,0.08685958365660026,0.08685958365660026,0.11699999682605267
0.02,0.02,0,0,100,-0.08263139298201765,-0.3335263372948946,-0.01047197551196597,-0.05585053606381854,0.06981317007977306,0.08685958365660026,0.08685958365660026,0.11699999682605267
0.02,0.02,0,0,100,-0.08263139298201765,-0.3335263372948946,-0.01047197551196597,-0.05585053606381854,0.06981317007977306,0.08685958365660026,0.08685958365660026,0.11699999682605267
0.02,0.02,0,0,100,-0.08263139298201765,-0.3335263372948946,-0.01047197551196597,-0.05585053606381854,0.06981317007977306,0.08785796967564163,0.08785796967564163,0.11699999682605267
0.02,0.02,0,-1,100,-0.08263139298201765,-0.3335263372948946,-0.01047197551196597,-0.05585053606381854,0.06981317007977306,0.08685958365660026,0.08685958365660026,0.11699999682605267
0.02,0.02,0,-1,100,-0.08263139298201765,-0.3335263372948946,-0.01047197551196597,-0.05585053606381854,0.06981317007977306,0.08785796967564163,0.08785796967564163,0.11699999682605267
0.02,0.02,0,-1,100,-0.08263139298201765,-0.3335263372948946,-0.01047197551196597,-0.05585053606381854,0.06981317007977306,0.08586119763755888,0.08586119763755888,0.11699999682605267
0.02,0.02,0,-1,100,-0.08263139298201765,-0.3335263372948946,-0.01047197551196597,-0.05585053606381854,0.06981317007977306,0.08586119763755888,0.08586119763755888,0.11699999682605267
0.02,0.02,0,-1,100,-0.08263139298201765,-0.3335263372948946,-0.01047197551196597,-0.05585053606381854,0.06981317007977306,0.08785796967564163,0.08785796967564163,0.11699999682605267
0.02,0.02,0,-1,100,-0.08263139298201765,-0.3335263372948946,-0.01047197551196597,-0.05585053606381854,0.06981317007977306,0.08785796967564163,0.08785796967564163,0.11699999682605267
0.02,0.02,0,0,100,-0.08263139298201765,-0.3335263372948946,-0.01047197551196597,-0.05585053606381854,0.06981317007977306,0.08685958365660026,0.08685958365660026,0.11699999682605267
0.02,0.02,0,0,100,-0.08263139298201765,-0.3335263372948946,-0.01047197551196597,-0.05585053606381854,0.06981317007977306,0.08785796967564163,0.08785796967564163,0.11699999682605267
0.02,0.02,0,0,100,-0.08263139298201765,-0.3335263372948946,-0.01047197551196597,-0.05585053606381854,0.06981317007977306,0.08586119763755888,0.08586119763755888,0.11699999682605267
0.02,0.02,0,-3,100,-0.08263139298201765,-0.3335263372948946,-0.01047197551196597,-0.05585053606381854,0.06981317007977306,0.08586119763755888,0.08586119763755888,0.11699999682605267
0.02,0.02,0,-1,100,-0.08263139298201765,-0.3335263372948946,-0.01047197551196597,-0.05585053606381854,0.06981317007977306,0.08685958365660026,0.08685958365660026,0.11699999682605267
0.02,0.02,0,-1,100,-0.08263139298201765,-0.3335263372948946,-0.01047197551196597,-0.05585053606381854,0.06981317007977306,0.08785796967564163,0.08785796967564163,0.11699999682605267
0.02,0.02,0,-1,100,-0.08263139298201765,-0.3335263372948946,-0.01047197551196597,-0.05585053606381854,0.06981317007977306,0.08586119763755888,0.08586119763755888,0.11699999682605267
0.02,0.02,0,-1,100,-0.08263139298201765,-0.3335263372948946,-0.01047197551196597,-0.05585053606381854,0.06981317007977306,0.08685958365660026,0.08685958365660026,0.11699999682605267
0.02,0.02,0,-1,100,-0.08263139298201765,-0.3335263372948946,-0.01047197551196597,-0.05585053606381854,0.06981317007977306,0.08685958365660026,0.08685958365660026,0.11699999682605267
0.02,0.02,5,-3,100,-0.08263139298201765,-0.3335263372948946,-0.01047197551196597,-0.05585053606381854,0.06981317007977306,0.08685958365660026,0.08685958365660026,0.11699999682605267
0.02,0.02,0,-3,100,-0.08263139298201765,-0.3335263372948946,-0.01047197551196597,-0.05585053606381854,0.06981317007977306,0.08685958365660026,0.08685958365660026,0.11699999682605267
0.02,0.02,1,-1,100,-0.08263139298201765,-0.3335263372948946,-0.008726646259971648,-0.05585053606381855,0.06981317007977306,0.08586263620906841,0.08586263620906841,0.11699999682605267
0.02,0.02,1,-1,100,-0.08263139298201765,-0.3335263372948946,-0.008726646259971648,-0.05585053606381855,0.06981317007977306,0.08586263620906841,0.08586263620906841,0.11699999682605267
0.02,0.02,1,-1,100,-0.08263139298201765,-0.3335263372948946,-0.008726646259971648,-0.05585053606381855,0.06981317007977306,0.08686103895568548,0.08686103895568548,0.11699999682605267
0.02,0.02,1,-1,100,-0.08263139298201765,-0.3335263372948946,-0.008726646259971648,-0.05585053606381855,0.06981317007977306,0.08686103895568548,0.08686103895568548,0.11699999682605267
0.02,0.02,2,0,100,-0.08263139298201765,-0.3335263372948946,-0.008726646259971648,-0.05585053606381855,0.06981317007977306,0.08686103895568548,0.08686103895568548,0.11699999682605267
0.02,0.02,2,-1,100,-0.08263139298201765,-0.3335263372948946,-0.008726646259971648,-0.05585053606381855,0.06981317007977306,0.08686103895568548,0.08686103895568548,0.11699999682605267
0.02,0.02,2,-1,100,-0.08263139298201765,-0.3335263372948946,-0.008726646259971648,-0.05585053606381855,0.06981317007977306,0.08785944170230256,0.08785944170230256,0.11699999682605267
0.02,0.02,2,-1,100,-0.08263139298201765,-0.3335263372948946,-0.008726646259971648,-0.05585053606381855,0.06981317007977306,0.08686103895568548,0.08686103895568548,0.11699999682605267
0.02,0.02,2,-1,100,-0.08263139298201765,-0.3335263372948946,-0.008726646259971648,-0.05585053606381855,0.06981317007977306,0.08586263620906841,0.08586263620906841,0.11699999682605267
0.02,0.02,0,0,100,-0.08263139298201765,-0.3335263372948946,-0.008726646259971648,-0.05585053606381855,0.06981317007977306,0.08486423346245134,0.08486423346245134,0.11699999682605267
0.02,0.02,0,0,100,-0.08263139298201765,-0.3335263372948946,-0.008726646259971648,-0.05585053606381855,0.06981317007977306,0.08686103895568548,0.08686103895568548,0.11699999682605267
0.02,0.02,-3,-1,100,-0.08263139298201765,-0.3335263372948946,-0.008726646259971648,-0.05585053606381855,0.06981317007977306,0.08686103895568548,0.08686103895568548,0.11699999682605267
0.02,0.02,1,0,100,-0.08263139298201765,-0.3335263372948946,-0.008726646259971648,-0.05585053606381855,0.06981317007977306,0.08586263620906841,0.08586263620906841,0.11699999682605267
0.02,0.02,1,0,100,-0.08263139298201765,-0.3335263372948946,-0.008726646259971648,-0.05585053606381855,0.06981317007977306,0.08586263620906841,0.08586263620906841,0.11699999682605267
0.02,0.02,0,0,100,-0.08263139298201765,-0.3335263372948946,-0.008726646259971648,-0.05585053606381855,0.06981317007977306,0.08686103895568548,0.08686103895568548,0.11699999682605267
0.02,0.02,0,0,100,-0.08263139298201765,-0.3335263372948946,-0.008726646259971648,-0.05585053606381855,0.06981317007977306,0.08686103895568548,0.08686103895568548,0.11699999682605267
0.02,0.02,0,0,100,-0.08263139298201765,-0.3335263372948946,-0.008726646259971648,-0.05585053606381855,0.06981317007977306,0.08586263620906841,0.08586263620906841,0.11699999682605267
0.02,0.02,0,0,100,-0.08263139298201765,-0.3335263372948946,-0.008726646259971648,-0.05585053606381855,0.06981317007977306,0.08785944170230256,0.08785944170230256,0.11699999682605267
0.02,0.02,-1,0,100,-0.08263139298201765,-0.3335263372948946,-0.008726646259971648,-0.05585053606381855,0.06981317007977306,0.08686103895568548,0.08686103895568548,0.11699999682605267
0.02,0.02,-1,0,100,-0.08263139298201765,-0.3335263372948946,-0.008726646259971648,-0.05585053606381855,0.06981317007977306,0.08686103895568548,0.08686103895568548,0.11699999682605267
0.02,0.02,0,0,100,-0.08263139298201765,-0.3335263372948946,-0.008726646259971648,-0.05585053606381855,0.06981317007977306,0.08686103895568548,0.08686103895568548,0.11699999682605267
0.02,0.02,-5,0,100,-0.08263139298201765,-0.3335263372948946,-0.008726646259971648,-0.05585053606381855,0.06981317007977306,0.08586263620906841,0.08586263620906841,0.11699999682605267
0.02,0.02,-1,-3,100,-0.08263139298201765,-0.3335263372948946,-0.008726646259971648,-0.05585053606381855,0.06981317007977306,0.08686103895568548,0.08686103895568548,0.11699999682605267
0.02,0.02,-1,-3,100,-0.08263139298201765,-0.3335263372948946,-0.008726646259971648,-0.05585053606381855,0.06981317007977306,0.08586263620906841,0.08586263620906841,0.11699999682605267
0.02,0.02,-3,-3,100,-0.08263139298201765,-0.3335263372948946,-0.008726646259971648,-0.05585053606381855,0.06981317007977306,0.08586263620906841,0.08586263620906841,0.11699999682605267
0.02,0.02,-3,-3,100,-0.08263139298201765,-0.3335263372948946,-0.008726646259971648,-0.05585053606381855,0.06981317007977306,0.08785944170230256,0.08785944170230256,0.11699999682605267
0.02,0.02,1,-3,100,-0.08263139298201765,-0.3335263372948946,-0.008726646259971648,-0.05585053606381855,0.06981317007977306,0.08586263620906841,0.08586263620906841,0.11699999682605267
0.02,0.02,-3,0,100,-0.08263139298201765,-0.3335263372948946,-0.008726646259971648,-0.05585053606381855,0.06981317007977306,0.08586263620906841,0.08586263620906841,0.11699999682605267
0.02,0.02,-3,0,100,-0.08263139298201765,-0.3335263372948946,-0.008726646259971648,-0.05585053606381855,0.06981317007977306,0.08785944170230256,0.08785944170230256,0.11699999682605267
0.02,0.02,-4,0,100,-0.08263139298201765,-0.3335263372948946,-0.008726646259971648,-0.05585053606381855,0.06981317007977306,0.08686103895568548,0.08686103895568548,0.11699999682605267
0.02,0.02,-4,0,100,-0.08263139298201765,-0.3335263372948946,-0.01047197551196597,-0.05585053606381854,0.06981317007977306,0.08685958365660026,0.08685958365660026,0.11699999682605267
0.02,0.02,-3,-1,100,-0.08263139298201765,-0.3335263372948946,-0.01047197551196597,-0.05585053606381854,0.06981317007977306,0.08785796967564163,0.08785796967564163,0.11699999682605267
0.02,0.02,-3,-1,100,-0.08263139298201765,-0.3335263372948946,-0.01047197551196597,-0.05585053606381854,0.06981317007977306,0.08586119763755888,0.08586119763755888,0.11699999682605267
0.02,0.02,-4,0,100,-0.08263139298201765,-0.3335263372948946,-0.01047197551196597,-0.05585053606381854,0.06981317007977306,0.08785796967564163,0.08785796967564163,0.11699999682605267
0.02,0.02,-4,0,100,-0.08263139298201765,-0.3335263372948946,-0.01047197551196597,-0.05585053606381854,0.06981317007977306,0.08685958365660026,0.08685958365660026,0.11699999682605267
0.02,0.02,-4,0,100,-0.08263139298201765,-0.3335263372948946,-0.01047197551196597,-0.05585053606381854,0.06981317007977306,0.08685958365660026,0.08685958365660026,0.11699999682605267
0.02,0.02,-5,0,100,-0.08263139298201765,-0.3335263372948946,-0.01047197551196597,-0.05585053606381854,0.06981317007977306,0.08685958365660026,0.08685958365660026,0.11699999682605267
0.02,0.02,0,0,100,-0.08263139298201765,-0.3335263372948946,-0.01047197551196597,-0.05585053606381854,0.06981317007977306,0.08885635569468303,0.08885635569468303,0.11699999682605267
0.02,0.02,0,0,100,-0.08263139298201765,-0.3335263372948946,-0.01047197551196597,-0.05585053606381854,0.06981317007977306,0.08586119763755888,0.08586119763755888,0.11699999682605267
0.02,0.02,-1,0,100,-0.08263139298201765,-0.3335263372948946,-0.01047197551196597,-0.05585053606381854,0.06981317007977306,0.08685958365660026,0.08685958365660026,0.11699999682605267
0.02,0.02,-1,0,100,-0.08263139298201765,-0.3335263372948946,-0.01047197551196597,-0.05585053606381854,0.06981317007977306,0.08685958365660026,0.08685958365660026,0.11699999682605267
0.02,0.02,0,0,100,-0.08263139298201765,-0.3335263372948946,-0.01047197551196597,-0.05585053606381854,0.06981317007977306,0.08685958365660026,0.08685958365660026,0.11699999682605267
0.02,0.02,0,0,100,-0.08263139298201765,-0.3335263372948946,-0.01047197551196597,-0.05585053606381854,0.06981317007977306,0.08685958365660026,0.08685958365660026,0.11699999682605267
0.02,0.02,0,0,100,-0.08263139298201765,-0.3335263372948946,-0.01047197551196597,-0.05585053606381854,0.06981317007977306,0.08785796967564163,0.08785796967564163,0.11699999682605267
0.02,0.02,0,0,100,-0.08263139298201765,-0.3335263372948946,-0.01047197551196597,-0.05585053606381854,0.06981317007977306,0.08685958365660026,0.08685958365660026,0.11699999682605267
0.02,0.02,0,0,100,-0.08263139298201765,-0.3335263372948946,-0.01047197551196597,-0.05585053606381854,0.06981317007977306,0.08785796967564163,0.08785796967564163,0.11699999682605267
0.02,0.02,0,0,100,-0.08263139298201765,-0.3335263372948946,-0.01047197551196597,-0.05585053606381854,0.06981317007977306,0.08785796967564163,0.08785796967564163,0.11699999682605267
0.02,0.02,0,0,100,-0.08263139298201765,-0.3335263372948946,-0.01047197551196597,-0.05585053606381854,0.06981317007977306,0.08785796967564163,0.08785796967564163,0.11699999682605267
0.02,0.02,0,0,100,-0.08263139298201765,-0.3335263372948946,-0.01047197551196597,-0.05585053606381854,0.06981317007977306,0.08685958365660026,0.08685958365660026,0.11699999682605267
0.02,0.02,0,0,100,-0.08263139298201765,-0.3335263372948946,-0.01047197551196597,-0.05585053606381854,0.06981317007977306,0.08685958365660026,0.08685958365660026,0.11699999682605267
0.02,0.02,0,0,100,-0.08263139298201765,-0.3335263372948946,-0.01047197551196597,-0.05585053606381854,0.06981317007977306,0.08885635569468303,0.08885635569468303,0.11699999682605267
0.02,0.02,0,0,100,-0.08263139298201765,-0.3335263372948946,-0.01047197551196597,-0.05585053606381854,0.06981317007977306,0.08885635569468303,0.08885635569468303,0.11699999682605267
0.02,0.02,0,-3,100,-0.08263139298201765,-0.3335263372948946,-0.01047197551196597,-0.05585053606381854,0.06981317007977306,0.08785796967564163,0.08785796967564163,0.11699999682605267
0.02,0.02,-1,-3,100,-0.08263139298201765,-0.3335263372948946,-0.01047197551196597,-0.05585053606381854,0.06981317007977306,0.08685958365660026,0.08685958365660026,0.11699999682605267
0.02,0.02,0,-3,100,-0.08263139298201765,-0.3335263372948946,-0.01047197551196597,-0.05585053606381854,0.06981317007977306,0.08685958365660026,0.08685958365660026,0.11699999682605267
0.02,0.02,1,-3,100,-0.08263139298201765,-0.3335263372948946,-0.01047197551196597,-0.05585053606381854,0.06981317007977306,0.08885635569468303,0.08885635569468303,0.11699999682605267
0.02,0.02,1,0,100,-0.08263139298201765,-0.3335263372948946,-0.01047197551196597,-0.05585053606381854,0.06981317007977306,0.08785796967564163,0.08785796967564163,0.11699999682605267
0.02,0.02,0,0,100,-0.08263139298201765,-0.3335263372948946,-0.01047197551196597,-0.05585053606381854,0.06981317007977306,0.08785796967564163,0.08785796967564163,0.11699999682605267
0.02,0.02,-1,-3,100,-0.08263139298201765,-0.3335263372948946,-0.01047197551196597,-0.05585053606381854,0.06981317007977306,0.08785796967564163,0.08785796967564163,0.11699999682605267
0.02,0.02,-1,-3,100,-0.08263139298201765,-0.3335263372948946,-0.01047197551196597,-0.05585053606381854,0.06981317007977306,0.08685958365660026,0.08685958365660026,0.11699999682605267
0.02,0.02,-1,-3,100,-0.08263139298201765,-0.3335263372948946,-0.01047197551196597,-0.05585053606381854,0.06981317007977306,0.08785796967564163,0.08785796967564163,0.11699999682605267
0.02,0.02,-1,-3,100,-0.08263139298201765,-0.3335263372948946,-0.01047197551196597,-0.05585053606381854,0.06981317007977306,0.08685958365660026,0.08685958365660026,0.11699999682605267
0.02,0.02,-1,-3,100,-0.08263139298201765,-0.3335263372948946,-0.01047197551196597,-0.05585053606381854,0.06981317007977306,0.08685958365660026,0.08685958365660026,0.11699999682605267
0.02,0.02,1,-1,100,-0.08263139298201765,-0.3335263372948946,-0.01047197551196597,-0.05585053606381854,0.06981317007977306,0.08785796967564163,0.08785796967564163,0.11699999682605267
0.02,0.02,0,0,100,-0.08263139298201765,-0.3335263372948946,-0.01047197551196597,-0.05585053606381854,0.06981317007977306,0.08785796967564163,0.08785796967564163,0.11699999682605267
0.02,0.02,0,0,100,-0.08263139298201765,-0.3335263372948946,-0.01047197551196597,-0.05585053606381854,0.06981317007977306,0.08785796967564163,0.08785796967564163,0.11699999682605267
0.02,0.02,0,-3,100,-0.08263139298201765,-0.3335263372948946,-0.01047197551196597,-0.05585053606381854,0.06981317007977306,0.08685958365660026,0.08685958365660026,0.11699999682605267
0.02,0.02,0,-3,100,-0.08263139298201765,-0.3335263372948946,-0.01047197551196597,-0.05585053606381854,0.06981317007977306,0.08785796967564163,0.08785796967564163,0.11699999682605267
0.02,0.02,0,-1,100,-0.08263139298201765,-0.3335263372948946,-0.01047197551196597,-0.05585053606381854,0.06981317007977306,0.08785796967564163,0.08785796967564163,0.11699999682605267
0.02,0.02,0,-1,100,-0.08263139298201765,-0.3335263372948946,-0.01047197551196597,-0.05585053606381854,0.06981317007977306,0.08685958365660026,0.08685958365660026,0.11699999682605267
0.02,0.02,1,0,100,-0.08263139298201765,-0.3335263372948946,-0.01047197551196597,-0.05585053606381854,0.06981317007977306,0.08785796967564163,0.08785796967564163,0.11699999682605267
0.02,0.02,1,0,100,-0.08263139298201765,-0.3335263372948946,-0.01047197551196597,-0.05585053606381854,0.06981317007977306,0.08785796967564163,0.08785796967564163,0.11699999682605267
0.02,0.02,-1,-3,100,-0.08263139298201765,-0.3335263372948946,-0.01047197551196597,-0.05585053606381854,0.06981317007977306,0.08685958365660026,0.08685958365660026,0.11699999682605267
0.02,0.02,-1,-4,100,-0.08263139298201765,-0.3335263372948946,-0.01047197551196597,-0.05585053606381854,0.06981317007977306,0.08785796967564163,0.08785796967564163,0.11699999682605267
0.02,0.02,0,-3,100,-0.08263139298201765,-0.3335263372948946,-0.01047197551196597,-0.05585053606381854,0.06981317007977306,0.08785796967564163,0.08785796967564163,0.11699999682605267
0.02,0.02,1,-4,100,-0.08263139298201765,-0.3335263372948946,-0.01047197551196597,-0.05585053606381854,0.06981317007977306,0.08785796967564163,0.08785796967564163,0.11699999682605267
0.02,0.02,0,-3,100,-0.08263139298201765,-0.3335263372948946,-0.01047197551196597,-0.05585053606381854,0.06981317007977306,0.08685958365660026,0.08685958365660026,0.11699999682605267
0.02,0.02,0,-3,100,-0.08263139298201765,-0.3335263372948946,-0.01047197551196597,-0.05585053606381854,0.06981317007977306,0.08785796967564163,0.08785796967564163,0.11699999682605267
0.02,0.02,0,-3,100,-0.08263139298201765,-0.3335263372948946,-0.01047197551196597,-0.05585053606381854,0.06981317007977306,0.08685958365660026,0.08685958365660026,0.11699999682605267
0.02,0.02,0,-3,100,-0.08263139298201765,-0.3335263372948946,-0.01047197551196597,-0.05585053606381854,0.06981317007977306,0.08685958365660026,0.08685958365660026,0.11699999682605267
0.02,0.02,0,-3,100,-0.08263139298201765,-0.3335263372948946,-0.01047197551196597,-0.05585053606381854,0.06981317007977306,0.08685958365660026,0.08685958365660026,0.11699999682605267
0.02,0.02,0,-3,100,-0.08263139298201765,-0.3335263372948946,-0.01047197551196597,-0.05585053606381854,0.06981317007977306,0.08785796967564163,0.08785796967564163,0.11699999682605267
0.02,0.02,0,-3,100,-0.08263139298201765,-0.3335263372948946,-0.008726646259971648,-0.05585053606381855,0.06981317007977306,0.08885784444891962,0.08885784444891962,0.11699999682605267
0.02,0.02,-1,-3,100,-0.08263139298201765,-0.3335263372948946,-0.008726646259971648,-0.05585053606381855,0.06981317007977306,0.08686103895568548,0.08686103895568548,0.11699999682605267
0.02,0.02,0,0,100,-0.08263139298201765,-0.3335263372948946,-0.008726646259971648,-0.05585053606381855,0.06981317007977306,0.08785944170230256,0.08785944170230256,0.11699999682605267
0.02,0.02,0,0,100,-0.08263139298201765,-0.3335263372948946,-0.008726646259971648,-0.05585053606381855,0.06981317007977306,0.08885784444891962,0.08885784444891962,0.11699999682605267
0.02,0.02,1,0,100,-0.08263139298201765,-0.3335263372948946,-0.008726646259971648,-0.05585053606381855,0.06981317007977306,0.08885784444891962,0.08885784444891962,0.11699999682605267
0.02,0.02,1,0,100,-0.08263139298201765,-0.3335263372948946,-0.008726646259971648,-0.05585053606381855,0.06981317007977306,0.08785944170230256,0.08785944170230256,0.11699999682605267
0.02,0.02,1,0,100,-0.08263139298201765,-0.3335263372948946,-0.008726646259971648,-0.05585053606381855,0.06981317007977306,0.08885784444891962,0.08885784444891962,0.11699999682605267
0.02,0.02,1,0,100,-0.08263139298201765,-0.3335263372948946,-0.008726646259971648,-0.05585053606381855,0.06981317007977306,0.08686103895568548,0.08686103895568548,0.11699999682605267
